Workbook

Sheet DATA
A1: ID_INSPEKSI_JTM_T2 | B1: TANGGAL | C1: KOORDINAT | D1: PETUGAS | E1: UP3 | F1: ULP | G1: GARDU INDUK | H1: PENYULANG | I1: SECTION | J1: ZONA | K1: NO TIANG | L1: KONSTRUKSI | M1: ASET MENEMPEL | N1: NAMA ASET MENEMPEL | O1: METODE | P1: JENIS PERALATAN | Q1: SUHU FASA R | R1: SUHU FASA S | S1: SUHU FASA T | T1: SUHU SEKITAR (AMBIENT) | U1: HI SUTM - 1 | V1: TEMUAN LAIN | W1: JENIS PERALATAN (2) | X1: SUHU FASA R (2) | Y1: SUHU FASA S (2) | Z1: SUHU FASA T (2) | AA1: SUHU SEKITAR (AMBIENT) - 2 | AB1: HI SUTM - 2 | AC1: FOTO | AD1: FOTO TEMUAN LAIN | AE1: CATATAN | AF1: STATUS PEMELIHARAAN | AG1: TANGGAL PEMELIHARAAN | AH1: FOTO PEMELIHARAAN 1 | AI1: FOTO PEMELIHARAAN 2
A2: =IFERROR(__xludf.DUMMYFUNCTION("IMPORTRANGE(""1BXUGPQhK_7Jy6l35je9xKzSAqbY7gh5t7pnDndVjlIU"",""Sheet1!A3462:AI"")"),"4d6ebabe") -> 4d6ebabe | B2: =IFERROR(__xludf.DUMMYFUNCTION("""COMPUTED_VALUE"""),46030.82928240741) -> 46030.829 | C2: =IFERROR(__xludf.DUMMYFUNCTION("""COMPUTED_VALUE"""),"-6.899172, 107.641158") -> -6.899172, 107.641158 | D2: =IFERROR(__xludf.DUMMYFUNCTION("""COMPUTED_VALUE"""),"Sandi angga") -> Sandi angga | E2: =IFERROR(__xludf.DUMMYFUNCTION("""COMPUTED_VALUE"""),"BANDUNG") -> BANDUNG | F2: =IFERROR(__xludf.DUMMYFUNCTION("""COMPUTED_VALUE"""),"BANDUNG TIMUR") -> BANDUNG TIMUR | G2: =IFERROR(__xludf.DUMMYFUNCTION("""COMPUTED_VALUE"""),"KIARACONDONG") -> KIARACONDONG | H2: =IFERROR(__xludf.DUMMYFUNCTION("""COMPUTED_VALUE"""),"KPO") -> KPO | I2: =IFERROR(__xludf.DUMMYFUNCTION("""COMPUTED_VALUE"""),"AHN-LBS BKNA") -> AHN-LBS BKNA | J2: =IFERROR(__xludf.DUMMYFUNCTION("""COMPUTED_VALUE"""),"ZONA 2") -> ZONA 2 | K2: =IFERROR(__xludf.DUMMYFUNCTION("""COMPUTED_VALUE"""),"001") -> 001 | L2: =IFERROR(__xludf.DUMMYFUNCTION("""COMPUTED_VALUE"""),"TM - 11B/H (Kabel Naik)") -> TM - 11B/H (Kabel Naik) | M2: =IFERROR(__xludf.DUMMYFUNCTION("""COMPUTED_VALUE"""),"Tidak Ada") -> Tidak Ada | O2: =IFERROR(__xludf.DUMMYFUNCTION("""COMPUTED_VALUE"""),"PEMBANDING SEJENIS") -> PEMBANDING SEJENIS | P2: =IFERROR(__xludf.DUMMYFUNCTION("""COMPUTED_VALUE"""),"TERMINASI") -> TERMINASI | Q2: =IFERROR(__xludf.DUMMYFUNCTION("""COMPUTED_VALUE"""),24.0) -> 24 | R2: =IFERROR(__xludf.DUMMYFUNCTION("""COMPUTED_VALUE"""),24.0) -> 24 | S2: =IFERROR(__xludf.DUMMYFUNCTION("""COMPUTED_VALUE"""),23.0) -> 23 | U2: =IFERROR(__xludf.DUMMYFUNCTION("""COMPUTED_VALUE"""),"BAIK") -> BAIK | V2: =IFERROR(__xludf.DUMMYFUNCTION("""COMPUTED_VALUE"""),"Tidak Ada") -> Tidak Ada | AC2: =IFERROR(__xludf.DUMMYFUNCTION("""COMPUTED_VALUE"""),"INSPEKSI SUTM - T2_Images/4d6ebabe.FOTO.065620.jpg") -> INSPEKSI SUTM - T2_Images/4d6ebabe.FOTO.065620.jpg | AF2: =IFERROR(__xludf.DUMMYFUNCTION("""COMPUTED_VALUE"""),"BELUM") -> BELUM | AG2: =IFERROR(__xludf.DUMMYFUNCTION("""COMPUTED_VALUE"""),46030.0) -> 46030
A3: =IFERROR(__xludf.DUMMYFUNCTION("""COMPUTED_VALUE"""),"4baa5ae8") -> 4baa5ae8 | B3: =IFERROR(__xludf.DUMMYFUNCTION("""COMPUTED_VALUE"""),46030.83037037037) -> 46030.83 | C3: =IFERROR(__xludf.DUMMYFUNCTION("""COMPUTED_VALUE"""),"-6.899181, 107.641173") -> -6.899181, 107.641173 | D3: =IFERROR(__xludf.DUMMYFUNCTION("""COMPUTED_VALUE"""),"Sandi angga") -> Sandi angga | E3: =IFERROR(__xludf.DUMMYFUNCTION("""COMPUTED_VALUE"""),"BANDUNG") -> BANDUNG | F3: =IFERROR(__xludf.DUMMYFUNCTION("""COMPUTED_VALUE"""),"BANDUNG TIMUR") -> BANDUNG TIMUR | G3: =IFERROR(__xludf.DUMMYFUNCTION("""COMPUTED_VALUE"""),"KIARACONDONG") -> KIARACONDONG | H3: =IFERROR(__xludf.DUMMYFUNCTION("""COMPUTED_VALUE"""),"KPO") -> KPO | I3: =IFERROR(__xludf.DUMMYFUNCTION("""COMPUTED_VALUE"""),"AHN-LBS BKNA") -> AHN-LBS BKNA | J3: =IFERROR(__xludf.DUMMYFUNCTION("""COMPUTED_VALUE"""),"ZONA 2") -> ZONA 2 | K3: =IFERROR(__xludf.DUMMYFUNCTION("""COMPUTED_VALUE"""),"002") -> 002 | L3: =IFERROR(__xludf.DUMMYFUNCTION("""COMPUTED_VALUE"""),"TM - 8B/H (Percabangan)") -> TM - 8B/H (Percabangan) | M3: =IFERROR(__xludf.DUMMYFUNCTION("""COMPUTED_VALUE"""),"Tidak Ada") -> Tidak Ada | O3: =IFERROR(__xludf.DUMMYFUNCTION("""COMPUTED_VALUE"""),"PEMBANDING SEJENIS") -> PEMBANDING SEJENIS | P3: =IFERROR(__xludf.DUMMYFUNCTION("""COMPUTED_VALUE"""),"KONEKTOR/JUMPER") -> KONEKTOR/JUMPER | Q3: =IFERROR(__xludf.DUMMYFUNCTION("""COMPUTED_VALUE"""),21.0) -> 21 | R3: =IFERROR(__xludf.DUMMYFUNCTION("""COMPUTED_VALUE"""),22.0) -> 22 | S3: =IFERROR(__xludf.DUMMYFUNCTION("""COMPUTED_VALUE"""),23.0) -> 23 | U3: =IFERROR(__xludf.DUMMYFUNCTION("""COMPUTED_VALUE"""),"BAIK") -> BAIK | V3: =IFERROR(__xludf.DUMMYFUNCTION("""COMPUTED_VALUE"""),"Tidak Ada") -> Tidak Ada | AC3: =IFERROR(__xludf.DUMMYFUNCTION("""COMPUTED_VALUE"""),"INSPEKSI SUTM - T2_Images/4baa5ae8.FOTO.065735.jpg") -> INSPEKSI SUTM - T2_Images/4baa5ae8.FOTO.065735.jpg | AF3: =IFERROR(__xludf.DUMMYFUNCTION("""COMPUTED_VALUE"""),"BELUM") -> BELUM | AG3: =IFERROR(__xludf.DUMMYFUNCTION("""COMPUTED_VALUE"""),46030.0) -> 46030
A4: =IFERROR(__xludf.DUMMYFUNCTION("""COMPUTED_VALUE"""),"0ac7e555") -> 0ac7e555 | B4: =IFERROR(__xludf.DUMMYFUNCTION("""COMPUTED_VALUE"""),46030.83112268519) -> 46030.831 | C4: =IFERROR(__xludf.DUMMYFUNCTION("""COMPUTED_VALUE"""),"-6.899185, 107.641169") -> -6.899185, 107.641169 | D4: =IFERROR(__xludf.DUMMYFUNCTION("""COMPUTED_VALUE"""),"Sandi angga") -> Sandi angga | E4: =IFERROR(__xludf.DUMMYFUNCTION("""COMPUTED_VALUE"""),"BANDUNG") -> BANDUNG | F4: =IFERROR(__xludf.DUMMYFUNCTION("""COMPUTED_VALUE"""),"BANDUNG TIMUR") -> BANDUNG TIMUR | G4: =IFERROR(__xludf.DUMMYFUNCTION("""COMPUTED_VALUE"""),"KIARACONDONG") -> KIARACONDONG | H4: =IFERROR(__xludf.DUMMYFUNCTION("""COMPUTED_VALUE"""),"KPO") -> KPO | I4: =IFERROR(__xludf.DUMMYFUNCTION("""COMPUTED_VALUE"""),"AHN-LBS BKNA") -> AHN-LBS BKNA | J4: =IFERROR(__xludf.DUMMYFUNCTION("""COMPUTED_VALUE"""),"ZONA 2") -> ZONA 2 | K4: =IFERROR(__xludf.DUMMYFUNCTION("""COMPUTED_VALUE"""),"003") -> 003 | L4: =IFERROR(__xludf.DUMMYFUNCTION("""COMPUTED_VALUE"""),"TM - 1B/H (Tumpu)") -> TM - 1B/H (Tumpu) | M4: =IFERROR(__xludf.DUMMYFUNCTION("""COMPUTED_VALUE"""),"Tidak Ada") -> Tidak Ada | O4: =IFERROR(__xludf.DUMMYFUNCTION("""COMPUTED_VALUE"""),"PEMBANDING SEJENIS") -> PEMBANDING SEJENIS | P4: =IFERROR(__xludf.DUMMYFUNCTION("""COMPUTED_VALUE"""),"ARRESTER") -> ARRESTER | Q4: =IFERROR(__xludf.DUMMYFUNCTION("""COMPUTED_VALUE"""),23.0) -> 23 | R4: =IFERROR(__xludf.DUMMYFUNCTION("""COMPUTED_VALUE"""),23.0) -> 23 | S4: =IFERROR(__xludf.DUMMYFUNCTION("""COMPUTED_VALUE"""),23.0) -> 23 | U4: =IFERROR(__xludf.DUMMYFUNCTION("""COMPUTED_VALUE"""),"BAIK") -> BAIK | V4: =IFERROR(__xludf.DUMMYFUNCTION("""COMPUTED_VALUE"""),"Tidak Ada") -> Tidak Ada | AC4: =IFERROR(__xludf.DUMMYFUNCTION("""COMPUTED_VALUE"""),"INSPEKSI SUTM - T2_Images/0ac7e555.FOTO.065926.jpg") -> INSPEKSI SUTM - T2_Images/0ac7e555.FOTO.065926.jpg | AF4: =IFERROR(__xludf.DUMMYFUNCTION("""COMPUTED_VALUE"""),"BELUM") -> BELUM | AG4: =IFERROR(__xludf.DUMMYFUNCTION("""COMPUTED_VALUE"""),46030.0) -> 46030
A5: =IFERROR(__xludf.DUMMYFUNCTION("""COMPUTED_VALUE"""),"b36afe8f") -> b36afe8f | B5: =IFERROR(__xludf.DUMMYFUNCTION("""COMPUTED_VALUE"""),46030.83253472222) -> 46030.833 | C5: =IFERROR(__xludf.DUMMYFUNCTION("""COMPUTED_VALUE"""),"-6.899196, 107.641165") -> -6.899196, 107.641165 | D5: =IFERROR(__xludf.DUMMYFUNCTION("""COMPUTED_VALUE"""),"Sandi angga") -> Sandi angga | E5: =IFERROR(__xludf.DUMMYFUNCTION("""COMPUTED_VALUE"""),"BANDUNG") -> BANDUNG | F5: =IFERROR(__xludf.DUMMYFUNCTION("""COMPUTED_VALUE"""),"BANDUNG TIMUR") -> BANDUNG TIMUR | G5: =IFERROR(__xludf.DUMMYFUNCTION("""COMPUTED_VALUE"""),"KIARACONDONG") -> KIARACONDONG | H5: =IFERROR(__xludf.DUMMYFUNCTION("""COMPUTED_VALUE"""),"KPO") -> KPO | I5: =IFERROR(__xludf.DUMMYFUNCTION("""COMPUTED_VALUE"""),"AHN-LBS BKNA") -> AHN-LBS BKNA | J5: =IFERROR(__xludf.DUMMYFUNCTION("""COMPUTED_VALUE"""),"ZONA 2") -> ZONA 2 | K5: =IFERROR(__xludf.DUMMYFUNCTION("""COMPUTED_VALUE"""),"005") -> 005 | L5: =IFERROR(__xludf.DUMMYFUNCTION("""COMPUTED_VALUE"""),"TM - 1B/H (Tumpu)") -> TM - 1B/H (Tumpu) | M5: =IFERROR(__xludf.DUMMYFUNCTION("""COMPUTED_VALUE"""),"Tidak Ada") -> Tidak Ada | O5: =IFERROR(__xludf.DUMMYFUNCTION("""COMPUTED_VALUE"""),"PEMBANDING SEJENIS") -> PEMBANDING SEJENIS | P5: =IFERROR(__xludf.DUMMYFUNCTION("""COMPUTED_VALUE"""),"ARRESTER") -> ARRESTER | Q5: =IFERROR(__xludf.DUMMYFUNCTION("""COMPUTED_VALUE"""),23.0) -> 23 | R5: =IFERROR(__xludf.DUMMYFUNCTION("""COMPUTED_VALUE"""),24.0) -> 24 | S5: =IFERROR(__xludf.DUMMYFUNCTION("""COMPUTED_VALUE"""),23.0) -> 23 | U5: =IFERROR(__xludf.DUMMYFUNCTION("""COMPUTED_VALUE"""),"BAIK") -> BAIK | V5: =IFERROR(__xludf.DUMMYFUNCTION("""COMPUTED_VALUE"""),"Tidak Ada") -> Tidak Ada | AC5: =IFERROR(__xludf.DUMMYFUNCTION("""COMPUTED_VALUE"""),"INSPEKSI SUTM - T2_Images/b36afe8f.FOTO.070042.jpg") -> INSPEKSI SUTM - T2_Images/b36afe8f.FOTO.070042.jpg | AF5: =IFERROR(__xludf.DUMMYFUNCTION("""COMPUTED_VALUE"""),"BELUM") -> BELUM | AG5: =IFERROR(__xludf.DUMMYFUNCTION("""COMPUTED_VALUE"""),46030.0) -> 46030
A6: =IFERROR(__xludf.DUMMYFUNCTION("""COMPUTED_VALUE"""),"f4f70283") -> f4f70283 | B6: =IFERROR(__xludf.DUMMYFUNCTION("""COMPUTED_VALUE"""),46030.83445601852) -> 46030.834 | C6: =IFERROR(__xludf.DUMMYFUNCTION("""COMPUTED_VALUE"""),"-6.899181, 107.641188") -> -6.899181, 107.641188 | D6: =IFERROR(__xludf.DUMMYFUNCTION("""COMPUTED_VALUE"""),"Sandi angga") -> Sandi angga | E6: =IFERROR(__xludf.DUMMYFUNCTION("""COMPUTED_VALUE"""),"BANDUNG") -> BANDUNG | F6: =IFERROR(__xludf.DUMMYFUNCTION("""COMPUTED_VALUE"""),"BANDUNG TIMUR") -> BANDUNG TIMUR | G6: =IFERROR(__xludf.DUMMYFUNCTION("""COMPUTED_VALUE"""),"KIARACONDONG") -> KIARACONDONG | H6: =IFERROR(__xludf.DUMMYFUNCTION("""COMPUTED_VALUE"""),"KPO") -> KPO | I6: =IFERROR(__xludf.DUMMYFUNCTION("""COMPUTED_VALUE"""),"AHN-LBS BKNA") -> AHN-LBS BKNA | J6: =IFERROR(__xludf.DUMMYFUNCTION("""COMPUTED_VALUE"""),"ZONA 2") -> ZONA 2 | K6: =IFERROR(__xludf.DUMMYFUNCTION("""COMPUTED_VALUE"""),"006") -> 006 | L6: =IFERROR(__xludf.DUMMYFUNCTION("""COMPUTED_VALUE"""),"TM - 4B/H (Afspan)") -> TM - 4B/H (Afspan) | M6: =IFERROR(__xludf.DUMMYFUNCTION("""COMPUTED_VALUE"""),"Tidak Ada") -> Tidak Ada | O6: =IFERROR(__xludf.DUMMYFUNCTION("""COMPUTED_VALUE"""),"PEMBANDING SEJENIS") -> PEMBANDING SEJENIS | P6: =IFERROR(__xludf.DUMMYFUNCTION("""COMPUTED_VALUE"""),"KONEKTOR/JUMPER") -> KONEKTOR/JUMPER | Q6: =IFERROR(__xludf.DUMMYFUNCTION("""COMPUTED_VALUE"""),23.0) -> 23 | R6: =IFERROR(__xludf.DUMMYFUNCTION("""COMPUTED_VALUE"""),23.0) -> 23 | S6: =IFERROR(__xludf.DUMMYFUNCTION("""COMPUTED_VALUE"""),24.0) -> 24 | U6: =IFERROR(__xludf.DUMMYFUNCTION("""COMPUTED_VALUE"""),"BAIK") -> BAIK | V6: =IFERROR(__xludf.DUMMYFUNCTION("""COMPUTED_VALUE"""),"Tidak Ada") -> Tidak Ada | AC6: =IFERROR(__xludf.DUMMYFUNCTION("""COMPUTED_VALUE"""),"INSPEKSI SUTM - T2_Images/f4f70283.FOTO.070323.jpg") -> INSPEKSI SUTM - T2_Images/f4f70283.FOTO.070323.jpg | AF6: =IFERROR(__xludf.DUMMYFUNCTION("""COMPUTED_VALUE"""),"BELUM") -> BELUM | AG6: =IFERROR(__xludf.DUMMYFUNCTION("""COMPUTED_VALUE"""),46030.0) -> 46030
A7: =IFERROR(__xludf.DUMMYFUNCTION("""COMPUTED_VALUE"""),"b9e878ad") -> b9e878ad | B7: =IFERROR(__xludf.DUMMYFUNCTION("""COMPUTED_VALUE"""),46030.83511574074) -> 46030.835 | C7: =IFERROR(__xludf.DUMMYFUNCTION("""COMPUTED_VALUE"""),"-6.899196, 107.641191") -> -6.899196, 107.641191 | D7: =IFERROR(__xludf.DUMMYFUNCTION("""COMPUTED_VALUE"""),"Sandi angga") -> Sandi angga | E7: =IFERROR(__xludf.DUMMYFUNCTION("""COMPUTED_VALUE"""),"BANDUNG") -> BANDUNG | F7: =IFERROR(__xludf.DUMMYFUNCTION("""COMPUTED_VALUE"""),"BANDUNG TIMUR") -> BANDUNG TIMUR | G7: =IFERROR(__xludf.DUMMYFUNCTION("""COMPUTED_VALUE"""),"KIARACONDONG") -> KIARACONDONG | H7: =IFERROR(__xludf.DUMMYFUNCTION("""COMPUTED_VALUE"""),"KPO") -> KPO | I7: =IFERROR(__xludf.DUMMYFUNCTION("""COMPUTED_VALUE"""),"AHN-LBS BKNA") -> AHN-LBS BKNA | J7: =IFERROR(__xludf.DUMMYFUNCTION("""COMPUTED_VALUE"""),"ZONA 2") -> ZONA 2 | K7: =IFERROR(__xludf.DUMMYFUNCTION("""COMPUTED_VALUE"""),"012") -> 012 | L7: =IFERROR(__xludf.DUMMYFUNCTION("""COMPUTED_VALUE"""),"TM - 8B/H (Percabangan)") -> TM - 8B/H (Percabangan) | M7: =IFERROR(__xludf.DUMMYFUNCTION("""COMPUTED_VALUE"""),"Tidak Ada") -> Tidak Ada | O7: =IFERROR(__xludf.DUMMYFUNCTION("""COMPUTED_VALUE"""),"PEMBANDING SEJENIS") -> PEMBANDING SEJENIS | P7: =IFERROR(__xludf.DUMMYFUNCTION("""COMPUTED_VALUE"""),"KONEKTOR/JUMPER") -> KONEKTOR/JUMPER | Q7: =IFERROR(__xludf.DUMMYFUNCTION("""COMPUTED_VALUE"""),20.0) -> 20 | R7: =IFERROR(__xludf.DUMMYFUNCTION("""COMPUTED_VALUE"""),20.0) -> 20 | S7: =IFERROR(__xludf.DUMMYFUNCTION("""COMPUTED_VALUE"""),19.0) -> 19 | U7: =IFERROR(__xludf.DUMMYFUNCTION("""COMPUTED_VALUE"""),"BAIK") -> BAIK | V7: =IFERROR(__xludf.DUMMYFUNCTION("""COMPUTED_VALUE"""),"Tidak Ada") -> Tidak Ada | AC7: =IFERROR(__xludf.DUMMYFUNCTION("""COMPUTED_VALUE"""),"INSPEKSI SUTM - T2_Images/b9e878ad.FOTO.070425.jpg") -> INSPEKSI SUTM - T2_Images/b9e878ad.FOTO.070425.jpg | AF7: =IFERROR(__xludf.DUMMYFUNCTION("""COMPUTED_VALUE"""),"BELUM") -> BELUM | AG7: =IFERROR(__xludf.DUMMYFUNCTION("""COMPUTED_VALUE"""),46030.0) -> 46030
A8: =IFERROR(__xludf.DUMMYFUNCTION("""COMPUTED_VALUE"""),"4549d0b7") -> 4549d0b7 | B8: =IFERROR(__xludf.DUMMYFUNCTION("""COMPUTED_VALUE"""),46030.83592592592) -> 46030.836 | C8: =IFERROR(__xludf.DUMMYFUNCTION("""COMPUTED_VALUE"""),"-6.899193, 107.641196") -> -6.899193, 107.641196 | D8: =IFERROR(__xludf.DUMMYFUNCTION("""COMPUTED_VALUE"""),"Sandi angga") -> Sandi angga | E8: =IFERROR(__xludf.DUMMYFUNCTION("""COMPUTED_VALUE"""),"BANDUNG") -> BANDUNG | F8: =IFERROR(__xludf.DUMMYFUNCTION("""COMPUTED_VALUE"""),"BANDUNG TIMUR") -> BANDUNG TIMUR | G8: =IFERROR(__xludf.DUMMYFUNCTION("""COMPUTED_VALUE"""),"KIARACONDONG") -> KIARACONDONG | H8: =IFERROR(__xludf.DUMMYFUNCTION("""COMPUTED_VALUE"""),"KPO") -> KPO | I8: =IFERROR(__xludf.DUMMYFUNCTION("""COMPUTED_VALUE"""),"AHN-LBS BKNA") -> AHN-LBS BKNA | J8: =IFERROR(__xludf.DUMMYFUNCTION("""COMPUTED_VALUE"""),"ZONA 2") -> ZONA 2 | K8: =IFERROR(__xludf.DUMMYFUNCTION("""COMPUTED_VALUE"""),"014") -> 014 | L8: =IFERROR(__xludf.DUMMYFUNCTION("""COMPUTED_VALUE"""),"TM - 8B/H (Percabangan)") -> TM - 8B/H (Percabangan) | M8: =IFERROR(__xludf.DUMMYFUNCTION("""COMPUTED_VALUE"""),"Tidak Ada") -> Tidak Ada | O8: =IFERROR(__xludf.DUMMYFUNCTION("""COMPUTED_VALUE"""),"PEMBANDING SEJENIS") -> PEMBANDING SEJENIS | P8: =IFERROR(__xludf.DUMMYFUNCTION("""COMPUTED_VALUE"""),"KONEKTOR/JUMPER") -> KONEKTOR/JUMPER | Q8: =IFERROR(__xludf.DUMMYFUNCTION("""COMPUTED_VALUE"""),23.0) -> 23 | R8: =IFERROR(__xludf.DUMMYFUNCTION("""COMPUTED_VALUE"""),23.0) -> 23 | S8: =IFERROR(__xludf.DUMMYFUNCTION("""COMPUTED_VALUE"""),23.0) -> 23 | U8: =IFERROR(__xludf.DUMMYFUNCTION("""COMPUTED_VALUE"""),"BAIK") -> BAIK | V8: =IFERROR(__xludf.DUMMYFUNCTION("""COMPUTED_VALUE"""),"Tidak Ada") -> Tidak Ada | AC8: =IFERROR(__xludf.DUMMYFUNCTION("""COMPUTED_VALUE"""),"INSPEKSI SUTM - T2_Images/4549d0b7.FOTO.070617.jpg") -> INSPEKSI SUTM - T2_Images/4549d0b7.FOTO.070617.jpg | AF8: =IFERROR(__xludf.DUMMYFUNCTION("""COMPUTED_VALUE"""),"BELUM") -> BELUM | AG8: =IFERROR(__xludf.DUMMYFUNCTION("""COMPUTED_VALUE"""),46030.0) -> 46030
A9: =IFERROR(__xludf.DUMMYFUNCTION("""COMPUTED_VALUE"""),"0f9ba3b7") -> 0f9ba3b7 | B9: =IFERROR(__xludf.DUMMYFUNCTION("""COMPUTED_VALUE"""),46030.837696759256) -> 46030.838 | C9: =IFERROR(__xludf.DUMMYFUNCTION("""COMPUTED_VALUE"""),"-6.899178, 107.641207") -> -6.899178, 107.641207 | D9: =IFERROR(__xludf.DUMMYFUNCTION("""COMPUTED_VALUE"""),"Sandi angga") -> Sandi angga | E9: =IFERROR(__xludf.DUMMYFUNCTION("""COMPUTED_VALUE"""),"BANDUNG") -> BANDUNG | F9: =IFERROR(__xludf.DUMMYFUNCTION("""COMPUTED_VALUE"""),"BANDUNG TIMUR") -> BANDUNG TIMUR | G9: =IFERROR(__xludf.DUMMYFUNCTION("""COMPUTED_VALUE"""),"KIARACONDONG") -> KIARACONDONG | H9: =IFERROR(__xludf.DUMMYFUNCTION("""COMPUTED_VALUE"""),"KPO") -> KPO | I9: =IFERROR(__xludf.DUMMYFUNCTION("""COMPUTED_VALUE"""),"AHN-LBS BKNA") -> AHN-LBS BKNA | J9: =IFERROR(__xludf.DUMMYFUNCTION("""COMPUTED_VALUE"""),"ZONA 2") -> ZONA 2 | K9: =IFERROR(__xludf.DUMMYFUNCTION("""COMPUTED_VALUE"""),"014R04") -> 014R04 | L9: =IFERROR(__xludf.DUMMYFUNCTION("""COMPUTED_VALUE"""),"TM - 4B/H (Afspan)") -> TM - 4B/H (Afspan) | M9: =IFERROR(__xludf.DUMMYFUNCTION("""COMPUTED_VALUE"""),"Tidak Ada") -> Tidak Ada | O9: =IFERROR(__xludf.DUMMYFUNCTION("""COMPUTED_VALUE"""),"PEMBANDING SEJENIS") -> PEMBANDING SEJENIS | P9: =IFERROR(__xludf.DUMMYFUNCTION("""COMPUTED_VALUE"""),"KONEKTOR/JUMPER") -> KONEKTOR/JUMPER | Q9: =IFERROR(__xludf.DUMMYFUNCTION("""COMPUTED_VALUE"""),20.0) -> 20 | R9: =IFERROR(__xludf.DUMMYFUNCTION("""COMPUTED_VALUE"""),20.0) -> 20 | S9: =IFERROR(__xludf.DUMMYFUNCTION("""COMPUTED_VALUE"""),20.0) -> 20 | U9: =IFERROR(__xludf.DUMMYFUNCTION("""COMPUTED_VALUE"""),"BAIK") -> BAIK | V9: =IFERROR(__xludf.DUMMYFUNCTION("""COMPUTED_VALUE"""),"Tidak Ada") -> Tidak Ada | AC9: =IFERROR(__xludf.DUMMYFUNCTION("""COMPUTED_VALUE"""),"INSPEKSI SUTM - T2_Images/0f9ba3b7.FOTO.070808.jpg") -> INSPEKSI SUTM - T2_Images/0f9ba3b7.FOTO.070808.jpg | AF9: =IFERROR(__xludf.DUMMYFUNCTION("""COMPUTED_VALUE"""),"BELUM") -> BELUM | AG9: =IFERROR(__xludf.DUMMYFUNCTION("""COMPUTED_VALUE"""),46030.0) -> 46030
A10: =IFERROR(__xludf.DUMMYFUNCTION("""COMPUTED_VALUE"""),"2d9a7f56") -> 2d9a7f56 | B10: =IFERROR(__xludf.DUMMYFUNCTION("""COMPUTED_VALUE"""),46030.838958333334) -> 46030.839 | C10: =IFERROR(__xludf.DUMMYFUNCTION("""COMPUTED_VALUE"""),"-6.899182, 107.641199") -> -6.899182, 107.641199 | D10: =IFERROR(__xludf.DUMMYFUNCTION("""COMPUTED_VALUE"""),"Sandi angga") -> Sandi angga | E10: =IFERROR(__xludf.DUMMYFUNCTION("""COMPUTED_VALUE"""),"BANDUNG") -> BANDUNG | F10: =IFERROR(__xludf.DUMMYFUNCTION("""COMPUTED_VALUE"""),"BANDUNG TIMUR") -> BANDUNG TIMUR | G10: =IFERROR(__xludf.DUMMYFUNCTION("""COMPUTED_VALUE"""),"KIARACONDONG") -> KIARACONDONG | H10: =IFERROR(__xludf.DUMMYFUNCTION("""COMPUTED_VALUE"""),"KPO") -> KPO | I10: =IFERROR(__xludf.DUMMYFUNCTION("""COMPUTED_VALUE"""),"AHN-LBS BKNA") -> AHN-LBS BKNA | J10: =IFERROR(__xludf.DUMMYFUNCTION("""COMPUTED_VALUE"""),"ZONA 2") -> ZONA 2 | K10: =IFERROR(__xludf.DUMMYFUNCTION("""COMPUTED_VALUE"""),"017") -> 017 | L10: =IFERROR(__xludf.DUMMYFUNCTION("""COMPUTED_VALUE"""),"TM - 16B/H (REC/SSO/LBS)") -> TM - 16B/H (REC/SSO/LBS) | M10: =IFERROR(__xludf.DUMMYFUNCTION("""COMPUTED_VALUE"""),"LBS") -> LBS | N10: =IFERROR(__xludf.DUMMYFUNCTION("""COMPUTED_VALUE"""),"BKNA") -> BKNA | O10: =IFERROR(__xludf.DUMMYFUNCTION("""COMPUTED_VALUE"""),"PEMBANDING SEJENIS") -> PEMBANDING SEJENIS | P10: =IFERROR(__xludf.DUMMYFUNCTION("""COMPUTED_VALUE"""),"KONEKTOR/JUMPER") -> KONEKTOR/JUMPER | Q10: =IFERROR(__xludf.DUMMYFUNCTION("""COMPUTED_VALUE"""),22.0) -> 22 | R10: =IFERROR(__xludf.DUMMYFUNCTION("""COMPUTED_VALUE"""),21.0) -> 21 | S10: =IFERROR(__xludf.DUMMYFUNCTION("""COMPUTED_VALUE"""),21.0) -> 21 | U10: =IFERROR(__xludf.DUMMYFUNCTION("""COMPUTED_VALUE"""),"BAIK") -> BAIK | V10: =IFERROR(__xludf.DUMMYFUNCTION("""COMPUTED_VALUE"""),"Tidak Ada") -> Tidak Ada | AC10: =IFERROR(__xludf.DUMMYFUNCTION("""COMPUTED_VALUE"""),"INSPEKSI SUTM - T2_Images/2d9a7f56.FOTO.071139.jpg") -> INSPEKSI SUTM - T2_Images/2d9a7f56.FOTO.071139.jpg | AF10: =IFERROR(__xludf.DUMMYFUNCTION("""COMPUTED_VALUE"""),"BELUM") -> BELUM | AG10: =IFERROR(__xludf.DUMMYFUNCTION("""COMPUTED_VALUE"""),46030.0) -> 46030
A11: =IFERROR(__xludf.DUMMYFUNCTION("""COMPUTED_VALUE"""),"5382c293") -> 5382c293 | B11: =IFERROR(__xludf.DUMMYFUNCTION("""COMPUTED_VALUE"""),46030.84315972222) -> 46030.843 | C11: =IFERROR(__xludf.DUMMYFUNCTION("""COMPUTED_VALUE"""),"-6.899181, 107.641227") -> -6.899181, 107.641227 | D11: =IFERROR(__xludf.DUMMYFUNCTION("""COMPUTED_VALUE"""),"Sandi angga") -> Sandi angga | E11: =IFERROR(__xludf.DUMMYFUNCTION("""COMPUTED_VALUE"""),"BANDUNG") -> BANDUNG | F11: =IFERROR(__xludf.DUMMYFUNCTION("""COMPUTED_VALUE"""),"BANDUNG TIMUR") -> BANDUNG TIMUR | G11: =IFERROR(__xludf.DUMMYFUNCTION("""COMPUTED_VALUE"""),"KIARACONDONG") -> KIARACONDONG | H11: =IFERROR(__xludf.DUMMYFUNCTION("""COMPUTED_VALUE"""),"KPO") -> KPO | I11: =IFERROR(__xludf.DUMMYFUNCTION("""COMPUTED_VALUE"""),"LBS BKNA-RAT") -> LBS BKNA-RAT | J11: =IFERROR(__xludf.DUMMYFUNCTION("""COMPUTED_VALUE"""),"ZONA 2") -> ZONA 2 | K11: =IFERROR(__xludf.DUMMYFUNCTION("""COMPUTED_VALUE"""),"019") -> 019 | L11: =IFERROR(__xludf.DUMMYFUNCTION("""COMPUTED_VALUE"""),"TM - 13B/H (Kabel Naik Pada Tiang Tumpu)") -> TM - 13B/H (Kabel Naik Pada Tiang Tumpu) | M11: =IFERROR(__xludf.DUMMYFUNCTION("""COMPUTED_VALUE"""),"Tidak Ada") -> Tidak Ada | O11: =IFERROR(__xludf.DUMMYFUNCTION("""COMPUTED_VALUE"""),"PEMBANDING SEJENIS") -> PEMBANDING SEJENIS | P11: =IFERROR(__xludf.DUMMYFUNCTION("""COMPUTED_VALUE"""),"TERMINASI") -> TERMINASI | Q11: =IFERROR(__xludf.DUMMYFUNCTION("""COMPUTED_VALUE"""),23.0) -> 23 | R11: =IFERROR(__xludf.DUMMYFUNCTION("""COMPUTED_VALUE"""),23.0) -> 23 | S11: =IFERROR(__xludf.DUMMYFUNCTION("""COMPUTED_VALUE"""),23.0) -> 23 | U11: =IFERROR(__xludf.DUMMYFUNCTION("""COMPUTED_VALUE"""),"BAIK") -> BAIK | V11: =IFERROR(__xludf.DUMMYFUNCTION("""COMPUTED_VALUE"""),"Tidak Ada") -> Tidak Ada | AC11: =IFERROR(__xludf.DUMMYFUNCTION("""COMPUTED_VALUE"""),"INSPEKSI SUTM - T2_Images/5382c293.FOTO.071629.jpg") -> INSPEKSI SUTM - T2_Images/5382c293.FOTO.071629.jpg | AF11: =IFERROR(__xludf.DUMMYFUNCTION("""COMPUTED_VALUE"""),"BELUM") -> BELUM | AG11: =IFERROR(__xludf.DUMMYFUNCTION("""COMPUTED_VALUE"""),46030.0) -> 46030
A12: =IFERROR(__xludf.DUMMYFUNCTION("""COMPUTED_VALUE"""),"e9745e21") -> e9745e21 | B12: =IFERROR(__xludf.DUMMYFUNCTION("""COMPUTED_VALUE"""),46030.844814814816) -> 46030.845 | C12: =IFERROR(__xludf.DUMMYFUNCTION("""COMPUTED_VALUE"""),"-6.899156, 107.641230") -> -6.899156, 107.641230 | D12: =IFERROR(__xludf.DUMMYFUNCTION("""COMPUTED_VALUE"""),"Sandi angga") -> Sandi angga | E12: =IFERROR(__xludf.DUMMYFUNCTION("""COMPUTED_VALUE"""),"BANDUNG") -> BANDUNG | F12: =IFERROR(__xludf.DUMMYFUNCTION("""COMPUTED_VALUE"""),"BANDUNG TIMUR") -> BANDUNG TIMUR | G12: =IFERROR(__xludf.DUMMYFUNCTION("""COMPUTED_VALUE"""),"KIARACONDONG") -> KIARACONDONG | H12: =IFERROR(__xludf.DUMMYFUNCTION("""COMPUTED_VALUE"""),"KPO") -> KPO | I12: =IFERROR(__xludf.DUMMYFUNCTION("""COMPUTED_VALUE"""),"LBS BKNA-RAT") -> LBS BKNA-RAT | J12: =IFERROR(__xludf.DUMMYFUNCTION("""COMPUTED_VALUE"""),"ZONA 2") -> ZONA 2 | K12: =IFERROR(__xludf.DUMMYFUNCTION("""COMPUTED_VALUE"""),"031") -> 031 | L12: =IFERROR(__xludf.DUMMYFUNCTION("""COMPUTED_VALUE"""),"TM - 4B/H (Afspan)") -> TM - 4B/H (Afspan) | M12: =IFERROR(__xludf.DUMMYFUNCTION("""COMPUTED_VALUE"""),"Tidak Ada") -> Tidak Ada | O12: =IFERROR(__xludf.DUMMYFUNCTION("""COMPUTED_VALUE"""),"PEMBANDING SEJENIS") -> PEMBANDING SEJENIS | P12: =IFERROR(__xludf.DUMMYFUNCTION("""COMPUTED_VALUE"""),"KONEKTOR/JUMPER") -> KONEKTOR/JUMPER | Q12: =IFERROR(__xludf.DUMMYFUNCTION("""COMPUTED_VALUE"""),25.0) -> 25 | R12: =IFERROR(__xludf.DUMMYFUNCTION("""COMPUTED_VALUE"""),25.0) -> 25 | S12: =IFERROR(__xludf.DUMMYFUNCTION("""COMPUTED_VALUE"""),25.0) -> 25 | U12: =IFERROR(__xludf.DUMMYFUNCTION("""COMPUTED_VALUE"""),"BAIK") -> BAIK | V12: =IFERROR(__xludf.DUMMYFUNCTION("""COMPUTED_VALUE"""),"Tidak Ada") -> Tidak Ada | AC12: =IFERROR(__xludf.DUMMYFUNCTION("""COMPUTED_VALUE"""),"INSPEKSI SUTM - T2_Images/e9745e21.FOTO.072142.jpg") -> INSPEKSI SUTM - T2_Images/e9745e21.FOTO.072142.jpg | AF12: =IFERROR(__xludf.DUMMYFUNCTION("""COMPUTED_VALUE"""),"BELUM") -> BELUM | AG12: =IFERROR(__xludf.DUMMYFUNCTION("""COMPUTED_VALUE"""),46030.0) -> 46030
A13: =IFERROR(__xludf.DUMMYFUNCTION("""COMPUTED_VALUE"""),"01375cec") -> 01375cec | B13: =IFERROR(__xludf.DUMMYFUNCTION("""COMPUTED_VALUE"""),46030.847974537035) -> 46030.848 | C13: =IFERROR(__xludf.DUMMYFUNCTION("""COMPUTED_VALUE"""),"-6.899160, 107.641251") -> -6.899160, 107.641251 | D13: =IFERROR(__xludf.DUMMYFUNCTION("""COMPUTED_VALUE"""),"Sandi angga") -> Sandi angga | E13: =IFERROR(__xludf.DUMMYFUNCTION("""COMPUTED_VALUE"""),"BANDUNG") -> BANDUNG | F13: =IFERROR(__xludf.DUMMYFUNCTION("""COMPUTED_VALUE"""),"BANDUNG TIMUR") -> BANDUNG TIMUR | G13: =IFERROR(__xludf.DUMMYFUNCTION("""COMPUTED_VALUE"""),"KIARACONDONG") -> KIARACONDONG | H13: =IFERROR(__xludf.DUMMYFUNCTION("""COMPUTED_VALUE"""),"KPO") -> KPO | I13: =IFERROR(__xludf.DUMMYFUNCTION("""COMPUTED_VALUE"""),"LBS BKNA-RAT") -> LBS BKNA-RAT | J13: =IFERROR(__xludf.DUMMYFUNCTION("""COMPUTED_VALUE"""),"ZONA 2") -> ZONA 2 | K13: =IFERROR(__xludf.DUMMYFUNCTION("""COMPUTED_VALUE"""),"036") -> 036 | L13: =IFERROR(__xludf.DUMMYFUNCTION("""COMPUTED_VALUE"""),"TM - 4B/H (Afspan)") -> TM - 4B/H (Afspan) | M13: =IFERROR(__xludf.DUMMYFUNCTION("""COMPUTED_VALUE"""),"Tidak Ada") -> Tidak Ada | O13: =IFERROR(__xludf.DUMMYFUNCTION("""COMPUTED_VALUE"""),"PEMBANDING SEJENIS") -> PEMBANDING SEJENIS | P13: =IFERROR(__xludf.DUMMYFUNCTION("""COMPUTED_VALUE"""),"KONEKTOR/JUMPER") -> KONEKTOR/JUMPER | Q13: =IFERROR(__xludf.DUMMYFUNCTION("""COMPUTED_VALUE"""),24.0) -> 24 | R13: =IFERROR(__xludf.DUMMYFUNCTION("""COMPUTED_VALUE"""),23.0) -> 23 | S13: =IFERROR(__xludf.DUMMYFUNCTION("""COMPUTED_VALUE"""),24.0) -> 24 | U13: =IFERROR(__xludf.DUMMYFUNCTION("""COMPUTED_VALUE"""),"BAIK") -> BAIK | V13: =IFERROR(__xludf.DUMMYFUNCTION("""COMPUTED_VALUE"""),"Tidak Ada") -> Tidak Ada | AC13: =IFERROR(__xludf.DUMMYFUNCTION("""COMPUTED_VALUE"""),"INSPEKSI SUTM - T2_Images/01375cec.FOTO.072330.jpg") -> INSPEKSI SUTM - T2_Images/01375cec.FOTO.072330.jpg | AF13: =IFERROR(__xludf.DUMMYFUNCTION("""COMPUTED_VALUE"""),"BELUM") -> BELUM | AG13: =IFERROR(__xludf.DUMMYFUNCTION("""COMPUTED_VALUE"""),46030.0) -> 46030
A14: =IFERROR(__xludf.DUMMYFUNCTION("""COMPUTED_VALUE"""),"7e44f421") -> 7e44f421 | B14: =IFERROR(__xludf.DUMMYFUNCTION("""COMPUTED_VALUE"""),46031.807071759256) -> 46031.807 | C14: =IFERROR(__xludf.DUMMYFUNCTION("""COMPUTED_VALUE"""),"-6.899169, 107.641248") -> -6.899169, 107.641248 | D14: =IFERROR(__xludf.DUMMYFUNCTION("""COMPUTED_VALUE"""),"Ssndi angga") -> Ssndi angga | E14: =IFERROR(__xludf.DUMMYFUNCTION("""COMPUTED_VALUE"""),"BANDUNG") -> BANDUNG | F14: =IFERROR(__xludf.DUMMYFUNCTION("""COMPUTED_VALUE"""),"BANDUNG TIMUR") -> BANDUNG TIMUR | G14: =IFERROR(__xludf.DUMMYFUNCTION("""COMPUTED_VALUE"""),"KIARACONDONG") -> KIARACONDONG | H14: =IFERROR(__xludf.DUMMYFUNCTION("""COMPUTED_VALUE"""),"KPO") -> KPO | I14: =IFERROR(__xludf.DUMMYFUNCTION("""COMPUTED_VALUE"""),"LBS BKNA-RAT") -> LBS BKNA-RAT | J14: =IFERROR(__xludf.DUMMYFUNCTION("""COMPUTED_VALUE"""),"ZONA 2") -> ZONA 2 | K14: =IFERROR(__xludf.DUMMYFUNCTION("""COMPUTED_VALUE"""),"041") -> 041 | L14: =IFERROR(__xludf.DUMMYFUNCTION("""COMPUTED_VALUE"""),"TM - 8B/H (Percabangan)") -> TM - 8B/H (Percabangan) | M14: =IFERROR(__xludf.DUMMYFUNCTION("""COMPUTED_VALUE"""),"Tidak Ada") -> Tidak Ada | O14: =IFERROR(__xludf.DUMMYFUNCTION("""COMPUTED_VALUE"""),"PEMBANDING SEJENIS") -> PEMBANDING SEJENIS | P14: =IFERROR(__xludf.DUMMYFUNCTION("""COMPUTED_VALUE"""),"KONEKTOR/JUMPER") -> KONEKTOR/JUMPER | Q14: =IFERROR(__xludf.DUMMYFUNCTION("""COMPUTED_VALUE"""),23.0) -> 23 | R14: =IFERROR(__xludf.DUMMYFUNCTION("""COMPUTED_VALUE"""),23.0) -> 23 | S14: =IFERROR(__xludf.DUMMYFUNCTION("""COMPUTED_VALUE"""),22.0) -> 22 | U14: =IFERROR(__xludf.DUMMYFUNCTION("""COMPUTED_VALUE"""),"BAIK") -> BAIK | V14: =IFERROR(__xludf.DUMMYFUNCTION("""COMPUTED_VALUE"""),"Tidak Ada") -> Tidak Ada | AC14: =IFERROR(__xludf.DUMMYFUNCTION("""COMPUTED_VALUE"""),"INSPEKSI SUTM - T2_Images/7e44f421.FOTO.072712.jpg") -> INSPEKSI SUTM - T2_Images/7e44f421.FOTO.072712.jpg | AF14: =IFERROR(__xludf.DUMMYFUNCTION("""COMPUTED_VALUE"""),"BELUM") -> BELUM | AG14: =IFERROR(__xludf.DUMMYFUNCTION("""COMPUTED_VALUE"""),46031.0) -> 46031
A15: =IFERROR(__xludf.DUMMYFUNCTION("""COMPUTED_VALUE"""),"409cc280") -> 409cc280 | B15: =IFERROR(__xludf.DUMMYFUNCTION("""COMPUTED_VALUE"""),46031.809375) -> 46031.809 | C15: =IFERROR(__xludf.DUMMYFUNCTION("""COMPUTED_VALUE"""),"-6.899189, 107.641263") -> -6.899189, 107.641263 | D15: =IFERROR(__xludf.DUMMYFUNCTION("""COMPUTED_VALUE"""),"Sandi angga") -> Sandi angga | E15: =IFERROR(__xludf.DUMMYFUNCTION("""COMPUTED_VALUE"""),"BANDUNG") -> BANDUNG | F15: =IFERROR(__xludf.DUMMYFUNCTION("""COMPUTED_VALUE"""),"BANDUNG TIMUR") -> BANDUNG TIMUR | G15: =IFERROR(__xludf.DUMMYFUNCTION("""COMPUTED_VALUE"""),"KIARACONDONG") -> KIARACONDONG | H15: =IFERROR(__xludf.DUMMYFUNCTION("""COMPUTED_VALUE"""),"KPO") -> KPO | I15: =IFERROR(__xludf.DUMMYFUNCTION("""COMPUTED_VALUE"""),"LBS BKNA-RAT") -> LBS BKNA-RAT | J15: =IFERROR(__xludf.DUMMYFUNCTION("""COMPUTED_VALUE"""),"ZONA 2") -> ZONA 2 | K15: =IFERROR(__xludf.DUMMYFUNCTION("""COMPUTED_VALUE"""),"041L07") -> 041L07 | L15: =IFERROR(__xludf.DUMMYFUNCTION("""COMPUTED_VALUE"""),"TM - 8B/H (Percabangan)") -> TM - 8B/H (Percabangan) | M15: =IFERROR(__xludf.DUMMYFUNCTION("""COMPUTED_VALUE"""),"Gardu") -> Gardu | N15: =IFERROR(__xludf.DUMMYFUNCTION("""COMPUTED_VALUE"""),"BRC") -> BRC | O15: =IFERROR(__xludf.DUMMYFUNCTION("""COMPUTED_VALUE"""),"PEMBANDING SEJENIS") -> PEMBANDING SEJENIS | P15: =IFERROR(__xludf.DUMMYFUNCTION("""COMPUTED_VALUE"""),"KONEKTOR/JUMPER") -> KONEKTOR/JUMPER | Q15: =IFERROR(__xludf.DUMMYFUNCTION("""COMPUTED_VALUE"""),25.0) -> 25 | R15: =IFERROR(__xludf.DUMMYFUNCTION("""COMPUTED_VALUE"""),24.0) -> 24 | S15: =IFERROR(__xludf.DUMMYFUNCTION("""COMPUTED_VALUE"""),24.0) -> 24 | U15: =IFERROR(__xludf.DUMMYFUNCTION("""COMPUTED_VALUE"""),"BAIK") -> BAIK | V15: =IFERROR(__xludf.DUMMYFUNCTION("""COMPUTED_VALUE"""),"Tidak Ada") -> Tidak Ada | AC15: =IFERROR(__xludf.DUMMYFUNCTION("""COMPUTED_VALUE"""),"INSPEKSI SUTM - T2_Images/409cc280.FOTO.072930.jpg") -> INSPEKSI SUTM - T2_Images/409cc280.FOTO.072930.jpg | AF15: =IFERROR(__xludf.DUMMYFUNCTION("""COMPUTED_VALUE"""),"BELUM") -> BELUM | AG15: =IFERROR(__xludf.DUMMYFUNCTION("""COMPUTED_VALUE"""),46031.0) -> 46031
A16: =IFERROR(__xludf.DUMMYFUNCTION("""COMPUTED_VALUE"""),"dfa78c97") -> dfa78c97 | B16: =IFERROR(__xludf.DUMMYFUNCTION("""COMPUTED_VALUE"""),46031.81269675926) -> 46031.813 | C16: =IFERROR(__xludf.DUMMYFUNCTION("""COMPUTED_VALUE"""),"-6.899202, 107.641241") -> -6.899202, 107.641241 | D16: =IFERROR(__xludf.DUMMYFUNCTION("""COMPUTED_VALUE"""),"Sandi angga") -> Sandi angga | E16: =IFERROR(__xludf.DUMMYFUNCTION("""COMPUTED_VALUE"""),"BANDUNG") -> BANDUNG | F16: =IFERROR(__xludf.DUMMYFUNCTION("""COMPUTED_VALUE"""),"BANDUNG TIMUR") -> BANDUNG TIMUR | G16: =IFERROR(__xludf.DUMMYFUNCTION("""COMPUTED_VALUE"""),"KIARACONDONG") -> KIARACONDONG | H16: =IFERROR(__xludf.DUMMYFUNCTION("""COMPUTED_VALUE"""),"KPO") -> KPO | I16: =IFERROR(__xludf.DUMMYFUNCTION("""COMPUTED_VALUE"""),"LBS BKNA-RAT") -> LBS BKNA-RAT | J16: =IFERROR(__xludf.DUMMYFUNCTION("""COMPUTED_VALUE"""),"ZONA 2") -> ZONA 2 | K16: =IFERROR(__xludf.DUMMYFUNCTION("""COMPUTED_VALUE"""),"041L07R01") -> 041L07R01 | L16: =IFERROR(__xludf.DUMMYFUNCTION("""COMPUTED_VALUE"""),"TM - 4B/H (Afspan)") -> TM - 4B/H (Afspan) | M16: =IFERROR(__xludf.DUMMYFUNCTION("""COMPUTED_VALUE"""),"Tidak Ada") -> Tidak Ada | O16: =IFERROR(__xludf.DUMMYFUNCTION("""COMPUTED_VALUE"""),"PEMBANDING SEJENIS") -> PEMBANDING SEJENIS | P16: =IFERROR(__xludf.DUMMYFUNCTION("""COMPUTED_VALUE"""),"KONEKTOR/JUMPER") -> KONEKTOR/JUMPER | Q16: =IFERROR(__xludf.DUMMYFUNCTION("""COMPUTED_VALUE"""),24.0) -> 24 | R16: =IFERROR(__xludf.DUMMYFUNCTION("""COMPUTED_VALUE"""),24.0) -> 24 | S16: =IFERROR(__xludf.DUMMYFUNCTION("""COMPUTED_VALUE"""),24.0) -> 24 | U16: =IFERROR(__xludf.DUMMYFUNCTION("""COMPUTED_VALUE"""),"BAIK") -> BAIK | V16: =IFERROR(__xludf.DUMMYFUNCTION("""COMPUTED_VALUE"""),"Tidak Ada") -> Tidak Ada | AC16: =IFERROR(__xludf.DUMMYFUNCTION("""COMPUTED_VALUE"""),"INSPEKSI SUTM - T2_Images/dfa78c97.FOTO.073828.jpg") -> INSPEKSI SUTM - T2_Images/dfa78c97.FOTO.073828.jpg | AF16: =IFERROR(__xludf.DUMMYFUNCTION("""COMPUTED_VALUE"""),"BELUM") -> BELUM | AG16: =IFERROR(__xludf.DUMMYFUNCTION("""COMPUTED_VALUE"""),46031.0) -> 46031
A17: =IFERROR(__xludf.DUMMYFUNCTION("""COMPUTED_VALUE"""),"9f7a1c38") -> 9f7a1c38 | B17: =IFERROR(__xludf.DUMMYFUNCTION("""COMPUTED_VALUE"""),46031.81439814815) -> 46031.814 | C17: =IFERROR(__xludf.DUMMYFUNCTION("""COMPUTED_VALUE"""),"-6.952244, 107.800936") -> -6.952244, 107.800936 | D17: =IFERROR(__xludf.DUMMYFUNCTION("""COMPUTED_VALUE"""),"Sandi angga") -> Sandi angga | E17: =IFERROR(__xludf.DUMMYFUNCTION("""COMPUTED_VALUE"""),"BANDUNG") -> BANDUNG | F17: =IFERROR(__xludf.DUMMYFUNCTION("""COMPUTED_VALUE"""),"BANDUNG TIMUR") -> BANDUNG TIMUR | G17: =IFERROR(__xludf.DUMMYFUNCTION("""COMPUTED_VALUE"""),"KIARACONDONG") -> KIARACONDONG | H17: =IFERROR(__xludf.DUMMYFUNCTION("""COMPUTED_VALUE"""),"KPO") -> KPO | I17: =IFERROR(__xludf.DUMMYFUNCTION("""COMPUTED_VALUE"""),"LBS BKNA-RAT") -> LBS BKNA-RAT | J17: =IFERROR(__xludf.DUMMYFUNCTION("""COMPUTED_VALUE"""),"ZONA 2") -> ZONA 2 | K17: =IFERROR(__xludf.DUMMYFUNCTION("""COMPUTED_VALUE"""),"041L08") -> 041L08 | L17: =IFERROR(__xludf.DUMMYFUNCTION("""COMPUTED_VALUE"""),"TM - 8B/H (Percabangan)") -> TM - 8B/H (Percabangan) | M17: =IFERROR(__xludf.DUMMYFUNCTION("""COMPUTED_VALUE"""),"Tidak Ada") -> Tidak Ada | O17: =IFERROR(__xludf.DUMMYFUNCTION("""COMPUTED_VALUE"""),"PEMBANDING SEJENIS") -> PEMBANDING SEJENIS | P17: =IFERROR(__xludf.DUMMYFUNCTION("""COMPUTED_VALUE"""),"KONEKTOR/JUMPER") -> KONEKTOR/JUMPER | Q17: =IFERROR(__xludf.DUMMYFUNCTION("""COMPUTED_VALUE"""),24.0) -> 24 | R17: =IFERROR(__xludf.DUMMYFUNCTION("""COMPUTED_VALUE"""),25.0) -> 25 | S17: =IFERROR(__xludf.DUMMYFUNCTION("""COMPUTED_VALUE"""),24.0) -> 24 | U17: =IFERROR(__xludf.DUMMYFUNCTION("""COMPUTED_VALUE"""),"BAIK") -> BAIK | V17: =IFERROR(__xludf.DUMMYFUNCTION("""COMPUTED_VALUE"""),"Tidak Ada") -> Tidak Ada | AC17: =IFERROR(__xludf.DUMMYFUNCTION("""COMPUTED_VALUE"""),"INSPEKSI SUTM - T2_Images/9f7a1c38.FOTO.073839.jpg") -> INSPEKSI SUTM - T2_Images/9f7a1c38.FOTO.073839.jpg | AF17: =IFERROR(__xludf.DUMMYFUNCTION("""COMPUTED_VALUE"""),"BELUM") -> BELUM | AG17: =IFERROR(__xludf.DUMMYFUNCTION("""COMPUTED_VALUE"""),46031.0) -> 46031
A18: =IFERROR(__xludf.DUMMYFUNCTION("""COMPUTED_VALUE"""),"c343748b") -> c343748b | B18: =IFERROR(__xludf.DUMMYFUNCTION("""COMPUTED_VALUE"""),46031.81560185185) -> 46031.816 | C18: =IFERROR(__xludf.DUMMYFUNCTION("""COMPUTED_VALUE"""),"-6.899184, 107.641239") -> -6.899184, 107.641239 | D18: =IFERROR(__xludf.DUMMYFUNCTION("""COMPUTED_VALUE"""),"Sandi angga") -> Sandi angga | E18: =IFERROR(__xludf.DUMMYFUNCTION("""COMPUTED_VALUE"""),"BANDUNG") -> BANDUNG | F18: =IFERROR(__xludf.DUMMYFUNCTION("""COMPUTED_VALUE"""),"BANDUNG TIMUR") -> BANDUNG TIMUR | G18: =IFERROR(__xludf.DUMMYFUNCTION("""COMPUTED_VALUE"""),"KIARACONDONG") -> KIARACONDONG | H18: =IFERROR(__xludf.DUMMYFUNCTION("""COMPUTED_VALUE"""),"KPO") -> KPO | I18: =IFERROR(__xludf.DUMMYFUNCTION("""COMPUTED_VALUE"""),"LBS BKNA-RAT") -> LBS BKNA-RAT | J18: =IFERROR(__xludf.DUMMYFUNCTION("""COMPUTED_VALUE"""),"ZONA 2") -> ZONA 2 | K18: =IFERROR(__xludf.DUMMYFUNCTION("""COMPUTED_VALUE"""),"041L08L03") -> 041L08L03 | L18: =IFERROR(__xludf.DUMMYFUNCTION("""COMPUTED_VALUE"""),"TM - 7B/H (Afspan 90 Derajat)") -> TM - 7B/H (Afspan 90 Derajat) | M18: =IFERROR(__xludf.DUMMYFUNCTION("""COMPUTED_VALUE"""),"Tidak Ada") -> Tidak Ada | O18: =IFERROR(__xludf.DUMMYFUNCTION("""COMPUTED_VALUE"""),"PEMBANDING SEJENIS") -> PEMBANDING SEJENIS | P18: =IFERROR(__xludf.DUMMYFUNCTION("""COMPUTED_VALUE"""),"KONEKTOR/JUMPER") -> KONEKTOR/JUMPER | Q18: =IFERROR(__xludf.DUMMYFUNCTION("""COMPUTED_VALUE"""),25.0) -> 25 | R18: =IFERROR(__xludf.DUMMYFUNCTION("""COMPUTED_VALUE"""),25.0) -> 25 | S18: =IFERROR(__xludf.DUMMYFUNCTION("""COMPUTED_VALUE"""),24.0) -> 24 | U18: =IFERROR(__xludf.DUMMYFUNCTION("""COMPUTED_VALUE"""),"BAIK") -> BAIK | V18: =IFERROR(__xludf.DUMMYFUNCTION("""COMPUTED_VALUE"""),"Tidak Ada") -> Tidak Ada | AC18: =IFERROR(__xludf.DUMMYFUNCTION("""COMPUTED_VALUE"""),"INSPEKSI SUTM - T2_Images/c343748b.FOTO.073847.jpg") -> INSPEKSI SUTM - T2_Images/c343748b.FOTO.073847.jpg | AF18: =IFERROR(__xludf.DUMMYFUNCTION("""COMPUTED_VALUE"""),"BELUM") -> BELUM | AG18: =IFERROR(__xludf.DUMMYFUNCTION("""COMPUTED_VALUE"""),46031.0) -> 46031
A19: =IFERROR(__xludf.DUMMYFUNCTION("""COMPUTED_VALUE"""),"f3fd9701") -> f3fd9701 | B19: =IFERROR(__xludf.DUMMYFUNCTION("""COMPUTED_VALUE"""),46031.81630787037) -> 46031.816 | C19: =IFERROR(__xludf.DUMMYFUNCTION("""COMPUTED_VALUE"""),"-6.899161, 107.641241") -> -6.899161, 107.641241 | D19: =IFERROR(__xludf.DUMMYFUNCTION("""COMPUTED_VALUE"""),"Sandi angga") -> Sandi angga | E19: =IFERROR(__xludf.DUMMYFUNCTION("""COMPUTED_VALUE"""),"BANDUNG") -> BANDUNG | F19: =IFERROR(__xludf.DUMMYFUNCTION("""COMPUTED_VALUE"""),"BANDUNG TIMUR") -> BANDUNG TIMUR | G19: =IFERROR(__xludf.DUMMYFUNCTION("""COMPUTED_VALUE"""),"KIARACONDONG") -> KIARACONDONG | H19: =IFERROR(__xludf.DUMMYFUNCTION("""COMPUTED_VALUE"""),"KPO") -> KPO | I19: =IFERROR(__xludf.DUMMYFUNCTION("""COMPUTED_VALUE"""),"LBS BKNA-RAT") -> LBS BKNA-RAT | J19: =IFERROR(__xludf.DUMMYFUNCTION("""COMPUTED_VALUE"""),"ZONA 2") -> ZONA 2 | K19: =IFERROR(__xludf.DUMMYFUNCTION("""COMPUTED_VALUE"""),"041L08L04") -> 041L08L04 | L19: =IFERROR(__xludf.DUMMYFUNCTION("""COMPUTED_VALUE"""),"TM - 7B/H (Afspan 90 Derajat)") -> TM - 7B/H (Afspan 90 Derajat) | M19: =IFERROR(__xludf.DUMMYFUNCTION("""COMPUTED_VALUE"""),"Tidak Ada") -> Tidak Ada | O19: =IFERROR(__xludf.DUMMYFUNCTION("""COMPUTED_VALUE"""),"PEMBANDING SEJENIS") -> PEMBANDING SEJENIS | P19: =IFERROR(__xludf.DUMMYFUNCTION("""COMPUTED_VALUE"""),"KONEKTOR/JUMPER") -> KONEKTOR/JUMPER | Q19: =IFERROR(__xludf.DUMMYFUNCTION("""COMPUTED_VALUE"""),24.0) -> 24 | R19: =IFERROR(__xludf.DUMMYFUNCTION("""COMPUTED_VALUE"""),25.0) -> 25 | S19: =IFERROR(__xludf.DUMMYFUNCTION("""COMPUTED_VALUE"""),26.0) -> 26 | U19: =IFERROR(__xludf.DUMMYFUNCTION("""COMPUTED_VALUE"""),"BAIK") -> BAIK | V19: =IFERROR(__xludf.DUMMYFUNCTION("""COMPUTED_VALUE"""),"Tidak Ada") -> Tidak Ada | AC19: =IFERROR(__xludf.DUMMYFUNCTION("""COMPUTED_VALUE"""),"INSPEKSI SUTM - T2_Images/f3fd9701.FOTO.073856.jpg") -> INSPEKSI SUTM - T2_Images/f3fd9701.FOTO.073856.jpg | AF19: =IFERROR(__xludf.DUMMYFUNCTION("""COMPUTED_VALUE"""),"BELUM") -> BELUM | AG19: =IFERROR(__xludf.DUMMYFUNCTION("""COMPUTED_VALUE"""),46031.0) -> 46031
A20: =IFERROR(__xludf.DUMMYFUNCTION("""COMPUTED_VALUE"""),"1c8bdfd9") -> 1c8bdfd9 | B20: =IFERROR(__xludf.DUMMYFUNCTION("""COMPUTED_VALUE"""),46031.81693287037) -> 46031.817 | C20: =IFERROR(__xludf.DUMMYFUNCTION("""COMPUTED_VALUE"""),"-6.899162, 107.641241") -> -6.899162, 107.641241 | D20: =IFERROR(__xludf.DUMMYFUNCTION("""COMPUTED_VALUE"""),"Sandi angga") -> Sandi angga | E20: =IFERROR(__xludf.DUMMYFUNCTION("""COMPUTED_VALUE"""),"BANDUNG") -> BANDUNG | F20: =IFERROR(__xludf.DUMMYFUNCTION("""COMPUTED_VALUE"""),"BANDUNG TIMUR") -> BANDUNG TIMUR | G20: =IFERROR(__xludf.DUMMYFUNCTION("""COMPUTED_VALUE"""),"KIARACONDONG") -> KIARACONDONG | H20: =IFERROR(__xludf.DUMMYFUNCTION("""COMPUTED_VALUE"""),"KPO") -> KPO | I20: =IFERROR(__xludf.DUMMYFUNCTION("""COMPUTED_VALUE"""),"LBS BKNA-RAT") -> LBS BKNA-RAT | J20: =IFERROR(__xludf.DUMMYFUNCTION("""COMPUTED_VALUE"""),"ZONA 2") -> ZONA 2 | K20: =IFERROR(__xludf.DUMMYFUNCTION("""COMPUTED_VALUE"""),"041L08L07") -> 041L08L07 | L20: =IFERROR(__xludf.DUMMYFUNCTION("""COMPUTED_VALUE"""),"TM - 1B/H (Tumpu)") -> TM - 1B/H (Tumpu) | M20: =IFERROR(__xludf.DUMMYFUNCTION("""COMPUTED_VALUE"""),"Tidak Ada") -> Tidak Ada | O20: =IFERROR(__xludf.DUMMYFUNCTION("""COMPUTED_VALUE"""),"PEMBANDING SEJENIS") -> PEMBANDING SEJENIS | P20: =IFERROR(__xludf.DUMMYFUNCTION("""COMPUTED_VALUE"""),"ARRESTER") -> ARRESTER | Q20: =IFERROR(__xludf.DUMMYFUNCTION("""COMPUTED_VALUE"""),24.0) -> 24 | R20: =IFERROR(__xludf.DUMMYFUNCTION("""COMPUTED_VALUE"""),24.0) -> 24 | S20: =IFERROR(__xludf.DUMMYFUNCTION("""COMPUTED_VALUE"""),24.0) -> 24 | U20: =IFERROR(__xludf.DUMMYFUNCTION("""COMPUTED_VALUE"""),"BAIK") -> BAIK | V20: =IFERROR(__xludf.DUMMYFUNCTION("""COMPUTED_VALUE"""),"Tidak Ada") -> Tidak Ada | AC20: =IFERROR(__xludf.DUMMYFUNCTION("""COMPUTED_VALUE"""),"INSPEKSI SUTM - T2_Images/1c8bdfd9.FOTO.073909.jpg") -> INSPEKSI SUTM - T2_Images/1c8bdfd9.FOTO.073909.jpg | AF20: =IFERROR(__xludf.DUMMYFUNCTION("""COMPUTED_VALUE"""),"BELUM") -> BELUM | AG20: =IFERROR(__xludf.DUMMYFUNCTION("""COMPUTED_VALUE"""),46031.0) -> 46031
A21: =IFERROR(__xludf.DUMMYFUNCTION("""COMPUTED_VALUE"""),"a6aa7890") -> a6aa7890 | B21: =IFERROR(__xludf.DUMMYFUNCTION("""COMPUTED_VALUE"""),46031.81769675926) -> 46031.818 | C21: =IFERROR(__xludf.DUMMYFUNCTION("""COMPUTED_VALUE"""),"-6.899161, 107.641239") -> -6.899161, 107.641239 | D21: =IFERROR(__xludf.DUMMYFUNCTION("""COMPUTED_VALUE"""),"Sandi angga") -> Sandi angga | E21: =IFERROR(__xludf.DUMMYFUNCTION("""COMPUTED_VALUE"""),"BANDUNG") -> BANDUNG | F21: =IFERROR(__xludf.DUMMYFUNCTION("""COMPUTED_VALUE"""),"BANDUNG TIMUR") -> BANDUNG TIMUR | G21: =IFERROR(__xludf.DUMMYFUNCTION("""COMPUTED_VALUE"""),"KIARACONDONG") -> KIARACONDONG | H21: =IFERROR(__xludf.DUMMYFUNCTION("""COMPUTED_VALUE"""),"KPO") -> KPO | I21: =IFERROR(__xludf.DUMMYFUNCTION("""COMPUTED_VALUE"""),"LBS BKNA-RAT") -> LBS BKNA-RAT | J21: =IFERROR(__xludf.DUMMYFUNCTION("""COMPUTED_VALUE"""),"ZONA 2") -> ZONA 2 | K21: =IFERROR(__xludf.DUMMYFUNCTION("""COMPUTED_VALUE"""),"041L08L011") -> 041L08L011 | L21: =IFERROR(__xludf.DUMMYFUNCTION("""COMPUTED_VALUE"""),"TM - 1B/H (Tumpu)") -> TM - 1B/H (Tumpu) | M21: =IFERROR(__xludf.DUMMYFUNCTION("""COMPUTED_VALUE"""),"Tidak Ada") -> Tidak Ada | O21: =IFERROR(__xludf.DUMMYFUNCTION("""COMPUTED_VALUE"""),"PEMBANDING SEJENIS") -> PEMBANDING SEJENIS | P21: =IFERROR(__xludf.DUMMYFUNCTION("""COMPUTED_VALUE"""),"ARRESTER") -> ARRESTER | Q21: =IFERROR(__xludf.DUMMYFUNCTION("""COMPUTED_VALUE"""),25.0) -> 25 | R21: =IFERROR(__xludf.DUMMYFUNCTION("""COMPUTED_VALUE"""),25.0) -> 25 | S21: =IFERROR(__xludf.DUMMYFUNCTION("""COMPUTED_VALUE"""),25.0) -> 25 | U21: =IFERROR(__xludf.DUMMYFUNCTION("""COMPUTED_VALUE"""),"BAIK") -> BAIK | V21: =IFERROR(__xludf.DUMMYFUNCTION("""COMPUTED_VALUE"""),"Tidak Ada") -> Tidak Ada | AC21: =IFERROR(__xludf.DUMMYFUNCTION("""COMPUTED_VALUE"""),"INSPEKSI SUTM - T2_Images/a6aa7890.FOTO.074032.jpg") -> INSPEKSI SUTM - T2_Images/a6aa7890.FOTO.074032.jpg | AF21: =IFERROR(__xludf.DUMMYFUNCTION("""COMPUTED_VALUE"""),"BELUM") -> BELUM | AG21: =IFERROR(__xludf.DUMMYFUNCTION("""COMPUTED_VALUE"""),46031.0) -> 46031
A22: =IFERROR(__xludf.DUMMYFUNCTION("""COMPUTED_VALUE"""),"040855b4") -> 040855b4 | B22: =IFERROR(__xludf.DUMMYFUNCTION("""COMPUTED_VALUE"""),46031.81859953704) -> 46031.819 | C22: =IFERROR(__xludf.DUMMYFUNCTION("""COMPUTED_VALUE"""),"-6.899148, 107.641140") -> -6.899148, 107.641140 | D22: =IFERROR(__xludf.DUMMYFUNCTION("""COMPUTED_VALUE"""),"Sandi angga") -> Sandi angga | E22: =IFERROR(__xludf.DUMMYFUNCTION("""COMPUTED_VALUE"""),"BANDUNG") -> BANDUNG | F22: =IFERROR(__xludf.DUMMYFUNCTION("""COMPUTED_VALUE"""),"BANDUNG TIMUR") -> BANDUNG TIMUR | G22: =IFERROR(__xludf.DUMMYFUNCTION("""COMPUTED_VALUE"""),"KIARACONDONG") -> KIARACONDONG | H22: =IFERROR(__xludf.DUMMYFUNCTION("""COMPUTED_VALUE"""),"KPO") -> KPO | I22: =IFERROR(__xludf.DUMMYFUNCTION("""COMPUTED_VALUE"""),"LBS BKNA-RAT") -> LBS BKNA-RAT | J22: =IFERROR(__xludf.DUMMYFUNCTION("""COMPUTED_VALUE"""),"ZONA 2") -> ZONA 2 | K22: =IFERROR(__xludf.DUMMYFUNCTION("""COMPUTED_VALUE"""),"041L08L012") -> 041L08L012 | L22: =IFERROR(__xludf.DUMMYFUNCTION("""COMPUTED_VALUE"""),"TM - 8B/H (Percabangan)") -> TM - 8B/H (Percabangan) | M22: =IFERROR(__xludf.DUMMYFUNCTION("""COMPUTED_VALUE"""),"Tidak Ada") -> Tidak Ada | O22: =IFERROR(__xludf.DUMMYFUNCTION("""COMPUTED_VALUE"""),"PEMBANDING SEJENIS") -> PEMBANDING SEJENIS | P22: =IFERROR(__xludf.DUMMYFUNCTION("""COMPUTED_VALUE"""),"KONEKTOR/JUMPER") -> KONEKTOR/JUMPER | Q22: =IFERROR(__xludf.DUMMYFUNCTION("""COMPUTED_VALUE"""),25.0) -> 25 | R22: =IFERROR(__xludf.DUMMYFUNCTION("""COMPUTED_VALUE"""),25.0) -> 25 | S22: =IFERROR(__xludf.DUMMYFUNCTION("""COMPUTED_VALUE"""),25.0) -> 25 | U22: =IFERROR(__xludf.DUMMYFUNCTION("""COMPUTED_VALUE"""),"BAIK") -> BAIK | V22: =IFERROR(__xludf.DUMMYFUNCTION("""COMPUTED_VALUE"""),"Tidak Ada") -> Tidak Ada | AC22: =IFERROR(__xludf.DUMMYFUNCTION("""COMPUTED_VALUE"""),"INSPEKSI SUTM - T2_Images/040855b4.FOTO.074126.jpg") -> INSPEKSI SUTM - T2_Images/040855b4.FOTO.074126.jpg | AF22: =IFERROR(__xludf.DUMMYFUNCTION("""COMPUTED_VALUE"""),"BELUM") -> BELUM | AG22: =IFERROR(__xludf.DUMMYFUNCTION("""COMPUTED_VALUE"""),46031.0) -> 46031
A23: =IFERROR(__xludf.DUMMYFUNCTION("""COMPUTED_VALUE"""),"ef8b16e4") -> ef8b16e4 | B23: =IFERROR(__xludf.DUMMYFUNCTION("""COMPUTED_VALUE"""),46031.819340277776) -> 46031.819 | C23: =IFERROR(__xludf.DUMMYFUNCTION("""COMPUTED_VALUE"""),"-6.899149, 107.641130") -> -6.899149, 107.641130 | D23: =IFERROR(__xludf.DUMMYFUNCTION("""COMPUTED_VALUE"""),"Sandi angga") -> Sandi angga | E23: =IFERROR(__xludf.DUMMYFUNCTION("""COMPUTED_VALUE"""),"BANDUNG") -> BANDUNG | F23: =IFERROR(__xludf.DUMMYFUNCTION("""COMPUTED_VALUE"""),"BANDUNG TIMUR") -> BANDUNG TIMUR | G23: =IFERROR(__xludf.DUMMYFUNCTION("""COMPUTED_VALUE"""),"KIARACONDONG") -> KIARACONDONG | H23: =IFERROR(__xludf.DUMMYFUNCTION("""COMPUTED_VALUE"""),"KPO") -> KPO | I23: =IFERROR(__xludf.DUMMYFUNCTION("""COMPUTED_VALUE"""),"LBS BKNA-RAT") -> LBS BKNA-RAT | J23: =IFERROR(__xludf.DUMMYFUNCTION("""COMPUTED_VALUE"""),"ZONA 2") -> ZONA 2 | K23: =IFERROR(__xludf.DUMMYFUNCTION("""COMPUTED_VALUE"""),"041L08L012L02") -> 041L08L012L02 | L23: =IFERROR(__xludf.DUMMYFUNCTION("""COMPUTED_VALUE"""),"TM - 14B/H (Akhir)") -> TM - 14B/H (Akhir) | M23: =IFERROR(__xludf.DUMMYFUNCTION("""COMPUTED_VALUE"""),"Tidak Ada") -> Tidak Ada | O23: =IFERROR(__xludf.DUMMYFUNCTION("""COMPUTED_VALUE"""),"PEMBANDING SEJENIS") -> PEMBANDING SEJENIS | P23: =IFERROR(__xludf.DUMMYFUNCTION("""COMPUTED_VALUE"""),"TERMINASI") -> TERMINASI | Q23: =IFERROR(__xludf.DUMMYFUNCTION("""COMPUTED_VALUE"""),25.0) -> 25 | R23: =IFERROR(__xludf.DUMMYFUNCTION("""COMPUTED_VALUE"""),25.0) -> 25 | S23: =IFERROR(__xludf.DUMMYFUNCTION("""COMPUTED_VALUE"""),25.0) -> 25 | U23: =IFERROR(__xludf.DUMMYFUNCTION("""COMPUTED_VALUE"""),"BAIK") -> BAIK | V23: =IFERROR(__xludf.DUMMYFUNCTION("""COMPUTED_VALUE"""),"Tidak Ada") -> Tidak Ada | AC23: =IFERROR(__xludf.DUMMYFUNCTION("""COMPUTED_VALUE"""),"INSPEKSI SUTM - T2_Images/ef8b16e4.FOTO.074316.jpg") -> INSPEKSI SUTM - T2_Images/ef8b16e4.FOTO.074316.jpg | AF23: =IFERROR(__xludf.DUMMYFUNCTION("""COMPUTED_VALUE"""),"BELUM") -> BELUM | AG23: =IFERROR(__xludf.DUMMYFUNCTION("""COMPUTED_VALUE"""),46031.0) -> 46031
A24: =IFERROR(__xludf.DUMMYFUNCTION("""COMPUTED_VALUE"""),"5211a791") -> 5211a791 | B24: =IFERROR(__xludf.DUMMYFUNCTION("""COMPUTED_VALUE"""),46031.821238425924) -> 46031.821 | C24: =IFERROR(__xludf.DUMMYFUNCTION("""COMPUTED_VALUE"""),"-6.899167, 107.641126") -> -6.899167, 107.641126 | D24: =IFERROR(__xludf.DUMMYFUNCTION("""COMPUTED_VALUE"""),"Sandi angga") -> Sandi angga | E24: =IFERROR(__xludf.DUMMYFUNCTION("""COMPUTED_VALUE"""),"BANDUNG") -> BANDUNG | F24: =IFERROR(__xludf.DUMMYFUNCTION("""COMPUTED_VALUE"""),"BANDUNG TIMUR") -> BANDUNG TIMUR | G24: =IFERROR(__xludf.DUMMYFUNCTION("""COMPUTED_VALUE"""),"KIARACONDONG") -> KIARACONDONG | H24: =IFERROR(__xludf.DUMMYFUNCTION("""COMPUTED_VALUE"""),"KPO") -> KPO | I24: =IFERROR(__xludf.DUMMYFUNCTION("""COMPUTED_VALUE"""),"LBS BKNA-RAT") -> LBS BKNA-RAT | J24: =IFERROR(__xludf.DUMMYFUNCTION("""COMPUTED_VALUE"""),"ZONA 2") -> ZONA 2 | K24: =IFERROR(__xludf.DUMMYFUNCTION("""COMPUTED_VALUE"""),"041L08L012R06") -> 041L08L012R06 | L24: =IFERROR(__xludf.DUMMYFUNCTION("""COMPUTED_VALUE"""),"TM - 4B/H (Afspan)") -> TM - 4B/H (Afspan) | M24: =IFERROR(__xludf.DUMMYFUNCTION("""COMPUTED_VALUE"""),"Gardu") -> Gardu | N24: =IFERROR(__xludf.DUMMYFUNCTION("""COMPUTED_VALUE"""),"CLD") -> CLD | O24: =IFERROR(__xludf.DUMMYFUNCTION("""COMPUTED_VALUE"""),"PEMBANDING SEJENIS") -> PEMBANDING SEJENIS | P24: =IFERROR(__xludf.DUMMYFUNCTION("""COMPUTED_VALUE"""),"KONEKTOR/JUMPER") -> KONEKTOR/JUMPER | Q24: =IFERROR(__xludf.DUMMYFUNCTION("""COMPUTED_VALUE"""),26.0) -> 26 | R24: =IFERROR(__xludf.DUMMYFUNCTION("""COMPUTED_VALUE"""),25.0) -> 25 | S24: =IFERROR(__xludf.DUMMYFUNCTION("""COMPUTED_VALUE"""),26.0) -> 26 | U24: =IFERROR(__xludf.DUMMYFUNCTION("""COMPUTED_VALUE"""),"BAIK") -> BAIK | V24: =IFERROR(__xludf.DUMMYFUNCTION("""COMPUTED_VALUE"""),"Tidak Ada") -> Tidak Ada | AC24: =IFERROR(__xludf.DUMMYFUNCTION("""COMPUTED_VALUE"""),"INSPEKSI SUTM - T2_Images/5211a791.FOTO.074604.jpg") -> INSPEKSI SUTM - T2_Images/5211a791.FOTO.074604.jpg | AF24: =IFERROR(__xludf.DUMMYFUNCTION("""COMPUTED_VALUE"""),"BELUM") -> BELUM | AG24: =IFERROR(__xludf.DUMMYFUNCTION("""COMPUTED_VALUE"""),46031.0) -> 46031
A25: =IFERROR(__xludf.DUMMYFUNCTION("""COMPUTED_VALUE"""),"9e60e4ac") -> 9e60e4ac | B25: =IFERROR(__xludf.DUMMYFUNCTION("""COMPUTED_VALUE"""),46031.82394675926) -> 46031.824 | C25: =IFERROR(__xludf.DUMMYFUNCTION("""COMPUTED_VALUE"""),"-6.899179, 107.641120") -> -6.899179, 107.641120 | D25: =IFERROR(__xludf.DUMMYFUNCTION("""COMPUTED_VALUE"""),"Sandi angga") -> Sandi angga | E25: =IFERROR(__xludf.DUMMYFUNCTION("""COMPUTED_VALUE"""),"BANDUNG") -> BANDUNG | F25: =IFERROR(__xludf.DUMMYFUNCTION("""COMPUTED_VALUE"""),"BANDUNG TIMUR") -> BANDUNG TIMUR | G25: =IFERROR(__xludf.DUMMYFUNCTION("""COMPUTED_VALUE"""),"KIARACONDONG") -> KIARACONDONG | H25: =IFERROR(__xludf.DUMMYFUNCTION("""COMPUTED_VALUE"""),"KPO") -> KPO | I25: =IFERROR(__xludf.DUMMYFUNCTION("""COMPUTED_VALUE"""),"LBS BKNA-RAT") -> LBS BKNA-RAT | J25: =IFERROR(__xludf.DUMMYFUNCTION("""COMPUTED_VALUE"""),"ZONA 2") -> ZONA 2 | K25: =IFERROR(__xludf.DUMMYFUNCTION("""COMPUTED_VALUE"""),"041L08L012R06") -> 041L08L012R06 | L25: =IFERROR(__xludf.DUMMYFUNCTION("""COMPUTED_VALUE"""),"TM - 4B/H (Afspan)") -> TM - 4B/H (Afspan) | M25: =IFERROR(__xludf.DUMMYFUNCTION("""COMPUTED_VALUE"""),"Gardu") -> Gardu | N25: =IFERROR(__xludf.DUMMYFUNCTION("""COMPUTED_VALUE"""),"CLD") -> CLD | O25: =IFERROR(__xludf.DUMMYFUNCTION("""COMPUTED_VALUE"""),"PEMBANDING SEJENIS") -> PEMBANDING SEJENIS | P25: =IFERROR(__xludf.DUMMYFUNCTION("""COMPUTED_VALUE"""),"KONEKTOR/JUMPER") -> KONEKTOR/JUMPER | Q25: =IFERROR(__xludf.DUMMYFUNCTION("""COMPUTED_VALUE"""),26.0) -> 26 | R25: =IFERROR(__xludf.DUMMYFUNCTION("""COMPUTED_VALUE"""),25.0) -> 25 | S25: =IFERROR(__xludf.DUMMYFUNCTION("""COMPUTED_VALUE"""),26.0) -> 26 | U25: =IFERROR(__xludf.DUMMYFUNCTION("""COMPUTED_VALUE"""),"BAIK") -> BAIK | V25: =IFERROR(__xludf.DUMMYFUNCTION("""COMPUTED_VALUE"""),"Tidak Ada") -> Tidak Ada | AC25: =IFERROR(__xludf.DUMMYFUNCTION("""COMPUTED_VALUE"""),"INSPEKSI SUTM - T2_Images/9e60e4ac.FOTO.075013.jpg") -> INSPEKSI SUTM - T2_Images/9e60e4ac.FOTO.075013.jpg | AF25: =IFERROR(__xludf.DUMMYFUNCTION("""COMPUTED_VALUE"""),"BELUM") -> BELUM | AG25: =IFERROR(__xludf.DUMMYFUNCTION("""COMPUTED_VALUE"""),46031.0) -> 46031
A26: =IFERROR(__xludf.DUMMYFUNCTION("""COMPUTED_VALUE"""),"e2037199") -> e2037199 | B26: =IFERROR(__xludf.DUMMYFUNCTION("""COMPUTED_VALUE"""),46031.82561342593) -> 46031.826 | C26: =IFERROR(__xludf.DUMMYFUNCTION("""COMPUTED_VALUE"""),"-6.899183, 107.641113") -> -6.899183, 107.641113 | D26: =IFERROR(__xludf.DUMMYFUNCTION("""COMPUTED_VALUE"""),"Sandi angga") -> Sandi angga | E26: =IFERROR(__xludf.DUMMYFUNCTION("""COMPUTED_VALUE"""),"BANDUNG") -> BANDUNG | F26: =IFERROR(__xludf.DUMMYFUNCTION("""COMPUTED_VALUE"""),"BANDUNG TIMUR") -> BANDUNG TIMUR | G26: =IFERROR(__xludf.DUMMYFUNCTION("""COMPUTED_VALUE"""),"KIARACONDONG") -> KIARACONDONG | H26: =IFERROR(__xludf.DUMMYFUNCTION("""COMPUTED_VALUE"""),"KPO") -> KPO | I26: =IFERROR(__xludf.DUMMYFUNCTION("""COMPUTED_VALUE"""),"LBS BKNA-RAT") -> LBS BKNA-RAT | J26: =IFERROR(__xludf.DUMMYFUNCTION("""COMPUTED_VALUE"""),"ZONA 2") -> ZONA 2 | K26: =IFERROR(__xludf.DUMMYFUNCTION("""COMPUTED_VALUE"""),"041L017") -> 041L017 | L26: =IFERROR(__xludf.DUMMYFUNCTION("""COMPUTED_VALUE"""),"TM - 14B/H (Akhir)") -> TM - 14B/H (Akhir) | M26: =IFERROR(__xludf.DUMMYFUNCTION("""COMPUTED_VALUE"""),"Tidak Ada") -> Tidak Ada | O26: =IFERROR(__xludf.DUMMYFUNCTION("""COMPUTED_VALUE"""),"PEMBANDING SEJENIS") -> PEMBANDING SEJENIS | P26: =IFERROR(__xludf.DUMMYFUNCTION("""COMPUTED_VALUE"""),"TERMINASI") -> TERMINASI | Q26: =IFERROR(__xludf.DUMMYFUNCTION("""COMPUTED_VALUE"""),24.0) -> 24 | R26: =IFERROR(__xludf.DUMMYFUNCTION("""COMPUTED_VALUE"""),24.0) -> 24 | S26: =IFERROR(__xludf.DUMMYFUNCTION("""COMPUTED_VALUE"""),24.0) -> 24 | U26: =IFERROR(__xludf.DUMMYFUNCTION("""COMPUTED_VALUE"""),"BAIK") -> BAIK | V26: =IFERROR(__xludf.DUMMYFUNCTION("""COMPUTED_VALUE"""),"Tidak Ada") -> Tidak Ada | AC26: =IFERROR(__xludf.DUMMYFUNCTION("""COMPUTED_VALUE"""),"INSPEKSI SUTM - T2_Images/e2037199.FOTO.075144.jpg") -> INSPEKSI SUTM - T2_Images/e2037199.FOTO.075144.jpg | AF26: =IFERROR(__xludf.DUMMYFUNCTION("""COMPUTED_VALUE"""),"BELUM") -> BELUM | AG26: =IFERROR(__xludf.DUMMYFUNCTION("""COMPUTED_VALUE"""),46031.0) -> 46031
A27: =IFERROR(__xludf.DUMMYFUNCTION("""COMPUTED_VALUE"""),"53af7c37") -> 53af7c37 | B27: =IFERROR(__xludf.DUMMYFUNCTION("""COMPUTED_VALUE"""),46031.910844907405) -> 46031.911 | C27: =IFERROR(__xludf.DUMMYFUNCTION("""COMPUTED_VALUE"""),"-6.899141, 107.641137") -> -6.899141, 107.641137 | D27: =IFERROR(__xludf.DUMMYFUNCTION("""COMPUTED_VALUE"""),"Sandi angga") -> Sandi angga | E27: =IFERROR(__xludf.DUMMYFUNCTION("""COMPUTED_VALUE"""),"BANDUNG") -> BANDUNG | F27: =IFERROR(__xludf.DUMMYFUNCTION("""COMPUTED_VALUE"""),"BANDUNG TIMUR") -> BANDUNG TIMUR | G27: =IFERROR(__xludf.DUMMYFUNCTION("""COMPUTED_VALUE"""),"KIARACONDONG") -> KIARACONDONG | H27: =IFERROR(__xludf.DUMMYFUNCTION("""COMPUTED_VALUE"""),"KPO") -> KPO | I27: =IFERROR(__xludf.DUMMYFUNCTION("""COMPUTED_VALUE"""),"LBS BKNA-RAT") -> LBS BKNA-RAT | J27: =IFERROR(__xludf.DUMMYFUNCTION("""COMPUTED_VALUE"""),"ZONA 2") -> ZONA 2 | K27: =IFERROR(__xludf.DUMMYFUNCTION("""COMPUTED_VALUE"""),"049") -> 049 | L27: =IFERROR(__xludf.DUMMYFUNCTION("""COMPUTED_VALUE"""),"TM - 4B/H (Afspan)") -> TM - 4B/H (Afspan) | M27: =IFERROR(__xludf.DUMMYFUNCTION("""COMPUTED_VALUE"""),"Tidak Ada") -> Tidak Ada | O27: =IFERROR(__xludf.DUMMYFUNCTION("""COMPUTED_VALUE"""),"PEMBANDING SEJENIS") -> PEMBANDING SEJENIS | P27: =IFERROR(__xludf.DUMMYFUNCTION("""COMPUTED_VALUE"""),"KONEKTOR/JUMPER") -> KONEKTOR/JUMPER | Q27: =IFERROR(__xludf.DUMMYFUNCTION("""COMPUTED_VALUE"""),24.0) -> 24 | R27: =IFERROR(__xludf.DUMMYFUNCTION("""COMPUTED_VALUE"""),23.0) -> 23 | S27: =IFERROR(__xludf.DUMMYFUNCTION("""COMPUTED_VALUE"""),24.0) -> 24 | U27: =IFERROR(__xludf.DUMMYFUNCTION("""COMPUTED_VALUE"""),"BAIK") -> BAIK | V27: =IFERROR(__xludf.DUMMYFUNCTION("""COMPUTED_VALUE"""),"Tidak Ada") -> Tidak Ada | AC27: =IFERROR(__xludf.DUMMYFUNCTION("""COMPUTED_VALUE"""),"INSPEKSI SUTM - T2_Images/53af7c37.FOTO.145233.jpg") -> INSPEKSI SUTM - T2_Images/53af7c37.FOTO.145233.jpg | AF27: =IFERROR(__xludf.DUMMYFUNCTION("""COMPUTED_VALUE"""),"BELUM") -> BELUM | AG27: =IFERROR(__xludf.DUMMYFUNCTION("""COMPUTED_VALUE"""),46031.0) -> 46031
A28: =IFERROR(__xludf.DUMMYFUNCTION("""COMPUTED_VALUE"""),"046b84f0") -> 046b84f0 | B28: =IFERROR(__xludf.DUMMYFUNCTION("""COMPUTED_VALUE"""),46031.91165509259) -> 46031.912 | C28: =IFERROR(__xludf.DUMMYFUNCTION("""COMPUTED_VALUE"""),"-6.899128, 107.641144") -> -6.899128, 107.641144 | D28: =IFERROR(__xludf.DUMMYFUNCTION("""COMPUTED_VALUE"""),"Sandi angga") -> Sandi angga | E28: =IFERROR(__xludf.DUMMYFUNCTION("""COMPUTED_VALUE"""),"BANDUNG") -> BANDUNG | F28: =IFERROR(__xludf.DUMMYFUNCTION("""COMPUTED_VALUE"""),"BANDUNG TIMUR") -> BANDUNG TIMUR | G28: =IFERROR(__xludf.DUMMYFUNCTION("""COMPUTED_VALUE"""),"KIARACONDONG") -> KIARACONDONG | H28: =IFERROR(__xludf.DUMMYFUNCTION("""COMPUTED_VALUE"""),"KPO") -> KPO | I28: =IFERROR(__xludf.DUMMYFUNCTION("""COMPUTED_VALUE"""),"LBS BKNA-RAT") -> LBS BKNA-RAT | J28: =IFERROR(__xludf.DUMMYFUNCTION("""COMPUTED_VALUE"""),"ZONA 2") -> ZONA 2 | K28: =IFERROR(__xludf.DUMMYFUNCTION("""COMPUTED_VALUE"""),"052") -> 052 | L28: =IFERROR(__xludf.DUMMYFUNCTION("""COMPUTED_VALUE"""),"TM - 13B/H (Kabel Naik Pada Tiang Tumpu)") -> TM - 13B/H (Kabel Naik Pada Tiang Tumpu) | M28: =IFERROR(__xludf.DUMMYFUNCTION("""COMPUTED_VALUE"""),"Gardu") -> Gardu | N28: =IFERROR(__xludf.DUMMYFUNCTION("""COMPUTED_VALUE"""),"BKR") -> BKR | O28: =IFERROR(__xludf.DUMMYFUNCTION("""COMPUTED_VALUE"""),"PEMBANDING SEJENIS") -> PEMBANDING SEJENIS | P28: =IFERROR(__xludf.DUMMYFUNCTION("""COMPUTED_VALUE"""),"TERMINASI") -> TERMINASI | Q28: =IFERROR(__xludf.DUMMYFUNCTION("""COMPUTED_VALUE"""),23.0) -> 23 | R28: =IFERROR(__xludf.DUMMYFUNCTION("""COMPUTED_VALUE"""),22.0) -> 22 | S28: =IFERROR(__xludf.DUMMYFUNCTION("""COMPUTED_VALUE"""),21.0) -> 21 | U28: =IFERROR(__xludf.DUMMYFUNCTION("""COMPUTED_VALUE"""),"BAIK") -> BAIK | V28: =IFERROR(__xludf.DUMMYFUNCTION("""COMPUTED_VALUE"""),"Tidak Ada") -> Tidak Ada | AC28: =IFERROR(__xludf.DUMMYFUNCTION("""COMPUTED_VALUE"""),"INSPEKSI SUTM - T2_Images/046b84f0.FOTO.145339.jpg") -> INSPEKSI SUTM - T2_Images/046b84f0.FOTO.145339.jpg | AF28: =IFERROR(__xludf.DUMMYFUNCTION("""COMPUTED_VALUE"""),"BELUM") -> BELUM | AG28: =IFERROR(__xludf.DUMMYFUNCTION("""COMPUTED_VALUE"""),46031.0) -> 46031
A29: =IFERROR(__xludf.DUMMYFUNCTION("""COMPUTED_VALUE"""),"abac2e3b") -> abac2e3b | B29: =IFERROR(__xludf.DUMMYFUNCTION("""COMPUTED_VALUE"""),46031.91226851852) -> 46031.912 | C29: =IFERROR(__xludf.DUMMYFUNCTION("""COMPUTED_VALUE"""),"-6.899127, 107.641139") -> -6.899127, 107.641139 | D29: =IFERROR(__xludf.DUMMYFUNCTION("""COMPUTED_VALUE"""),"Sandi angga") -> Sandi angga | E29: =IFERROR(__xludf.DUMMYFUNCTION("""COMPUTED_VALUE"""),"BANDUNG") -> BANDUNG | F29: =IFERROR(__xludf.DUMMYFUNCTION("""COMPUTED_VALUE"""),"BANDUNG TIMUR") -> BANDUNG TIMUR | G29: =IFERROR(__xludf.DUMMYFUNCTION("""COMPUTED_VALUE"""),"KIARACONDONG") -> KIARACONDONG | H29: =IFERROR(__xludf.DUMMYFUNCTION("""COMPUTED_VALUE"""),"KPO") -> KPO | I29: =IFERROR(__xludf.DUMMYFUNCTION("""COMPUTED_VALUE"""),"LBS BKNA-RAT") -> LBS BKNA-RAT | J29: =IFERROR(__xludf.DUMMYFUNCTION("""COMPUTED_VALUE"""),"ZONA 2") -> ZONA 2 | K29: =IFERROR(__xludf.DUMMYFUNCTION("""COMPUTED_VALUE"""),"053") -> 053 | L29: =IFERROR(__xludf.DUMMYFUNCTION("""COMPUTED_VALUE"""),"TM - 1B/H (Tumpu)") -> TM - 1B/H (Tumpu) | M29: =IFERROR(__xludf.DUMMYFUNCTION("""COMPUTED_VALUE"""),"Tidak Ada") -> Tidak Ada | O29: =IFERROR(__xludf.DUMMYFUNCTION("""COMPUTED_VALUE"""),"PEMBANDING SEJENIS") -> PEMBANDING SEJENIS | P29: =IFERROR(__xludf.DUMMYFUNCTION("""COMPUTED_VALUE"""),"KONEKTOR/JUMPER") -> KONEKTOR/JUMPER | Q29: =IFERROR(__xludf.DUMMYFUNCTION("""COMPUTED_VALUE"""),23.0) -> 23 | R29: =IFERROR(__xludf.DUMMYFUNCTION("""COMPUTED_VALUE"""),24.0) -> 24 | S29: =IFERROR(__xludf.DUMMYFUNCTION("""COMPUTED_VALUE"""),23.0) -> 23 | U29: =IFERROR(__xludf.DUMMYFUNCTION("""COMPUTED_VALUE"""),"BAIK") -> BAIK | V29: =IFERROR(__xludf.DUMMYFUNCTION("""COMPUTED_VALUE"""),"Tidak Ada") -> Tidak Ada | AC29: =IFERROR(__xludf.DUMMYFUNCTION("""COMPUTED_VALUE"""),"INSPEKSI SUTM - T2_Images/abac2e3b.FOTO.145449.jpg") -> INSPEKSI SUTM - T2_Images/abac2e3b.FOTO.145449.jpg | AF29: =IFERROR(__xludf.DUMMYFUNCTION("""COMPUTED_VALUE"""),"BELUM") -> BELUM | AG29: =IFERROR(__xludf.DUMMYFUNCTION("""COMPUTED_VALUE"""),46031.0) -> 46031
A30: =IFERROR(__xludf.DUMMYFUNCTION("""COMPUTED_VALUE"""),"688825c5") -> 688825c5 | B30: =IFERROR(__xludf.DUMMYFUNCTION("""COMPUTED_VALUE"""),46032.7647337963) -> 46032.765 | C30: =IFERROR(__xludf.DUMMYFUNCTION("""COMPUTED_VALUE"""),"-6.963705, 107.646505") -> -6.963705, 107.646505 | D30: =IFERROR(__xludf.DUMMYFUNCTION("""COMPUTED_VALUE"""),"Alam deril") -> Alam deril | E30: =IFERROR(__xludf.DUMMYFUNCTION("""COMPUTED_VALUE"""),"BANDUNG") -> BANDUNG | F30: =IFERROR(__xludf.DUMMYFUNCTION("""COMPUTED_VALUE"""),"BANDUNG UTARA") -> BANDUNG UTARA | G30: =IFERROR(__xludf.DUMMYFUNCTION("""COMPUTED_VALUE"""),"BENGKOK") -> BENGKOK | H30: =IFERROR(__xludf.DUMMYFUNCTION("""COMPUTED_VALUE"""),"CGDG") -> CGDG | I30: =IFERROR(__xludf.DUMMYFUNCTION("""COMPUTED_VALUE"""),"BNK-LBS BKRC") -> BNK-LBS BKRC | J30: =IFERROR(__xludf.DUMMYFUNCTION("""COMPUTED_VALUE"""),"ZONA 2") -> ZONA 2 | K30: =IFERROR(__xludf.DUMMYFUNCTION("""COMPUTED_VALUE"""),"001") -> 001 | L30: =IFERROR(__xludf.DUMMYFUNCTION("""COMPUTED_VALUE"""),"TM - 11B/H (Kabel Naik)") -> TM - 11B/H (Kabel Naik) | M30: =IFERROR(__xludf.DUMMYFUNCTION("""COMPUTED_VALUE"""),"Tidak Ada") -> Tidak Ada | O30: =IFERROR(__xludf.DUMMYFUNCTION("""COMPUTED_VALUE"""),"PEMBANDING SEJENIS") -> PEMBANDING SEJENIS | P30: =IFERROR(__xludf.DUMMYFUNCTION("""COMPUTED_VALUE"""),"TERMINASI") -> TERMINASI | Q30: =IFERROR(__xludf.DUMMYFUNCTION("""COMPUTED_VALUE"""),22.0) -> 22 | R30: =IFERROR(__xludf.DUMMYFUNCTION("""COMPUTED_VALUE"""),20.0) -> 20 | S30: =IFERROR(__xludf.DUMMYFUNCTION("""COMPUTED_VALUE"""),22.0) -> 22 | U30: =IFERROR(__xludf.DUMMYFUNCTION("""COMPUTED_VALUE"""),"BAIK") -> BAIK | V30: =IFERROR(__xludf.DUMMYFUNCTION("""COMPUTED_VALUE"""),"Tidak Ada") -> Tidak Ada | AC30: =IFERROR(__xludf.DUMMYFUNCTION("""COMPUTED_VALUE"""),"INSPEKSI SUTM - T2_Images/688825c5.FOTO.112226.jpg") -> INSPEKSI SUTM - T2_Images/688825c5.FOTO.112226.jpg | AF30: =IFERROR(__xludf.DUMMYFUNCTION("""COMPUTED_VALUE"""),"BELUM") -> BELUM | AG30: =IFERROR(__xludf.DUMMYFUNCTION("""COMPUTED_VALUE"""),46032.0) -> 46032
A31: =IFERROR(__xludf.DUMMYFUNCTION("""COMPUTED_VALUE"""),"2cb0ef6f") -> 2cb0ef6f | B31: =IFERROR(__xludf.DUMMYFUNCTION("""COMPUTED_VALUE"""),46032.766180555554) -> 46032.766 | C31: =IFERROR(__xludf.DUMMYFUNCTION("""COMPUTED_VALUE"""),"-6.963642, 107.646444") -> -6.963642, 107.646444 | D31: =IFERROR(__xludf.DUMMYFUNCTION("""COMPUTED_VALUE"""),"Alam deril") -> Alam deril | E31: =IFERROR(__xludf.DUMMYFUNCTION("""COMPUTED_VALUE"""),"BANDUNG") -> BANDUNG | F31: =IFERROR(__xludf.DUMMYFUNCTION("""COMPUTED_VALUE"""),"BANDUNG UTARA") -> BANDUNG UTARA | G31: =IFERROR(__xludf.DUMMYFUNCTION("""COMPUTED_VALUE"""),"BENGKOK") -> BENGKOK | H31: =IFERROR(__xludf.DUMMYFUNCTION("""COMPUTED_VALUE"""),"CGDG") -> CGDG | I31: =IFERROR(__xludf.DUMMYFUNCTION("""COMPUTED_VALUE"""),"BNK-LBS BKRC") -> BNK-LBS BKRC | J31: =IFERROR(__xludf.DUMMYFUNCTION("""COMPUTED_VALUE"""),"ZONA 2") -> ZONA 2 | K31: =IFERROR(__xludf.DUMMYFUNCTION("""COMPUTED_VALUE"""),"001R04") -> 001R04 | L31: =IFERROR(__xludf.DUMMYFUNCTION("""COMPUTED_VALUE"""),"TM - 11B/H (Kabel Naik)") -> TM - 11B/H (Kabel Naik) | M31: =IFERROR(__xludf.DUMMYFUNCTION("""COMPUTED_VALUE"""),"Tidak Ada") -> Tidak Ada | O31: =IFERROR(__xludf.DUMMYFUNCTION("""COMPUTED_VALUE"""),"PEMBANDING SEJENIS") -> PEMBANDING SEJENIS | P31: =IFERROR(__xludf.DUMMYFUNCTION("""COMPUTED_VALUE"""),"KONEKTOR/JUMPER") -> KONEKTOR/JUMPER | Q31: =IFERROR(__xludf.DUMMYFUNCTION("""COMPUTED_VALUE"""),20.0) -> 20 | R31: =IFERROR(__xludf.DUMMYFUNCTION("""COMPUTED_VALUE"""),21.0) -> 21 | S31: =IFERROR(__xludf.DUMMYFUNCTION("""COMPUTED_VALUE"""),21.0) -> 21 | U31: =IFERROR(__xludf.DUMMYFUNCTION("""COMPUTED_VALUE"""),"BAIK") -> BAIK | V31: =IFERROR(__xludf.DUMMYFUNCTION("""COMPUTED_VALUE"""),"Tidak Ada") -> Tidak Ada | AC31: =IFERROR(__xludf.DUMMYFUNCTION("""COMPUTED_VALUE"""),"INSPEKSI SUTM - T2_Images/2cb0ef6f.FOTO.112413.jpg") -> INSPEKSI SUTM - T2_Images/2cb0ef6f.FOTO.112413.jpg | AF31: =IFERROR(__xludf.DUMMYFUNCTION("""COMPUTED_VALUE"""),"BELUM") -> BELUM | AG31: =IFERROR(__xludf.DUMMYFUNCTION("""COMPUTED_VALUE"""),46032.0) -> 46032
A32: =IFERROR(__xludf.DUMMYFUNCTION("""COMPUTED_VALUE"""),"7f47c5b1") -> 7f47c5b1 | B32: =IFERROR(__xludf.DUMMYFUNCTION("""COMPUTED_VALUE"""),46032.768125) -> 46032.768 | C32: =IFERROR(__xludf.DUMMYFUNCTION("""COMPUTED_VALUE"""),"-6.963708, 107.646516") -> -6.963708, 107.646516 | D32: =IFERROR(__xludf.DUMMYFUNCTION("""COMPUTED_VALUE"""),"Alam deril") -> Alam deril | E32: =IFERROR(__xludf.DUMMYFUNCTION("""COMPUTED_VALUE"""),"BANDUNG") -> BANDUNG | F32: =IFERROR(__xludf.DUMMYFUNCTION("""COMPUTED_VALUE"""),"BANDUNG UTARA") -> BANDUNG UTARA | G32: =IFERROR(__xludf.DUMMYFUNCTION("""COMPUTED_VALUE"""),"BENGKOK") -> BENGKOK | H32: =IFERROR(__xludf.DUMMYFUNCTION("""COMPUTED_VALUE"""),"CGDG") -> CGDG | I32: =IFERROR(__xludf.DUMMYFUNCTION("""COMPUTED_VALUE"""),"BNK-LBS BKRC") -> BNK-LBS BKRC | J32: =IFERROR(__xludf.DUMMYFUNCTION("""COMPUTED_VALUE"""),"ZONA 2") -> ZONA 2 | K32: =IFERROR(__xludf.DUMMYFUNCTION("""COMPUTED_VALUE"""),"001R03") -> 001R03 | L32: =IFERROR(__xludf.DUMMYFUNCTION("""COMPUTED_VALUE"""),"TM - 11B/H (Kabel Naik)") -> TM - 11B/H (Kabel Naik) | M32: =IFERROR(__xludf.DUMMYFUNCTION("""COMPUTED_VALUE"""),"Tidak Ada") -> Tidak Ada | O32: =IFERROR(__xludf.DUMMYFUNCTION("""COMPUTED_VALUE"""),"PEMBANDING SEJENIS") -> PEMBANDING SEJENIS | P32: =IFERROR(__xludf.DUMMYFUNCTION("""COMPUTED_VALUE"""),"KONEKTOR/JUMPER") -> KONEKTOR/JUMPER | Q32: =IFERROR(__xludf.DUMMYFUNCTION("""COMPUTED_VALUE"""),20.0) -> 20 | R32: =IFERROR(__xludf.DUMMYFUNCTION("""COMPUTED_VALUE"""),20.0) -> 20 | S32: =IFERROR(__xludf.DUMMYFUNCTION("""COMPUTED_VALUE"""),21.0) -> 21 | U32: =IFERROR(__xludf.DUMMYFUNCTION("""COMPUTED_VALUE"""),"BAIK") -> BAIK | V32: =IFERROR(__xludf.DUMMYFUNCTION("""COMPUTED_VALUE"""),"Tidak Ada") -> Tidak Ada | AC32: =IFERROR(__xludf.DUMMYFUNCTION("""COMPUTED_VALUE"""),"INSPEKSI SUTM - T2_Images/7f47c5b1.FOTO.112654.jpg") -> INSPEKSI SUTM - T2_Images/7f47c5b1.FOTO.112654.jpg | AF32: =IFERROR(__xludf.DUMMYFUNCTION("""COMPUTED_VALUE"""),"BELUM") -> BELUM | AG32: =IFERROR(__xludf.DUMMYFUNCTION("""COMPUTED_VALUE"""),46032.0) -> 46032
A33: =IFERROR(__xludf.DUMMYFUNCTION("""COMPUTED_VALUE"""),"f1722127") -> f1722127 | B33: =IFERROR(__xludf.DUMMYFUNCTION("""COMPUTED_VALUE"""),46032.77079861111) -> 46032.771 | C33: =IFERROR(__xludf.DUMMYFUNCTION("""COMPUTED_VALUE"""),"-6.963715, 107.646536") -> -6.963715, 107.646536 | D33: =IFERROR(__xludf.DUMMYFUNCTION("""COMPUTED_VALUE"""),"Alam deril") -> Alam deril | E33: =IFERROR(__xludf.DUMMYFUNCTION("""COMPUTED_VALUE"""),"BANDUNG") -> BANDUNG | F33: =IFERROR(__xludf.DUMMYFUNCTION("""COMPUTED_VALUE"""),"BANDUNG UTARA") -> BANDUNG UTARA | G33: =IFERROR(__xludf.DUMMYFUNCTION("""COMPUTED_VALUE"""),"BENGKOK") -> BENGKOK | H33: =IFERROR(__xludf.DUMMYFUNCTION("""COMPUTED_VALUE"""),"CGDG") -> CGDG | I33: =IFERROR(__xludf.DUMMYFUNCTION("""COMPUTED_VALUE"""),"BNK-LBS BKRC") -> BNK-LBS BKRC | J33: =IFERROR(__xludf.DUMMYFUNCTION("""COMPUTED_VALUE"""),"ZONA 2") -> ZONA 2 | K33: =IFERROR(__xludf.DUMMYFUNCTION("""COMPUTED_VALUE"""),"001R05") -> 001R05 | L33: =IFERROR(__xludf.DUMMYFUNCTION("""COMPUTED_VALUE"""),"TM - 7B/H (Afspan 90 Derajat)") -> TM - 7B/H (Afspan 90 Derajat) | M33: =IFERROR(__xludf.DUMMYFUNCTION("""COMPUTED_VALUE"""),"Tidak Ada") -> Tidak Ada | O33: =IFERROR(__xludf.DUMMYFUNCTION("""COMPUTED_VALUE"""),"PEMBANDING SEJENIS") -> PEMBANDING SEJENIS | P33: =IFERROR(__xludf.DUMMYFUNCTION("""COMPUTED_VALUE"""),"KONEKTOR/JUMPER") -> KONEKTOR/JUMPER | Q33: =IFERROR(__xludf.DUMMYFUNCTION("""COMPUTED_VALUE"""),20.0) -> 20 | R33: =IFERROR(__xludf.DUMMYFUNCTION("""COMPUTED_VALUE"""),21.0) -> 21 | S33: =IFERROR(__xludf.DUMMYFUNCTION("""COMPUTED_VALUE"""),21.0) -> 21 | U33: =IFERROR(__xludf.DUMMYFUNCTION("""COMPUTED_VALUE"""),"BAIK") -> BAIK | V33: =IFERROR(__xludf.DUMMYFUNCTION("""COMPUTED_VALUE"""),"Tidak Ada") -> Tidak Ada | AC33: =IFERROR(__xludf.DUMMYFUNCTION("""COMPUTED_VALUE"""),"INSPEKSI SUTM - T2_Images/f1722127.FOTO.113049.jpg") -> INSPEKSI SUTM - T2_Images/f1722127.FOTO.113049.jpg | AF33: =IFERROR(__xludf.DUMMYFUNCTION("""COMPUTED_VALUE"""),"BELUM") -> BELUM | AG33: =IFERROR(__xludf.DUMMYFUNCTION("""COMPUTED_VALUE"""),46032.0) -> 46032
A34: =IFERROR(__xludf.DUMMYFUNCTION("""COMPUTED_VALUE"""),"1675fc2d") -> 1675fc2d | B34: =IFERROR(__xludf.DUMMYFUNCTION("""COMPUTED_VALUE"""),46032.771574074075) -> 46032.772 | C34: =IFERROR(__xludf.DUMMYFUNCTION("""COMPUTED_VALUE"""),"-6.963715, 107.646545") -> -6.963715, 107.646545 | D34: =IFERROR(__xludf.DUMMYFUNCTION("""COMPUTED_VALUE"""),"Alam deril") -> Alam deril | E34: =IFERROR(__xludf.DUMMYFUNCTION("""COMPUTED_VALUE"""),"BANDUNG") -> BANDUNG | F34: =IFERROR(__xludf.DUMMYFUNCTION("""COMPUTED_VALUE"""),"BANDUNG UTARA") -> BANDUNG UTARA | G34: =IFERROR(__xludf.DUMMYFUNCTION("""COMPUTED_VALUE"""),"BENGKOK") -> BENGKOK | H34: =IFERROR(__xludf.DUMMYFUNCTION("""COMPUTED_VALUE"""),"CGDG") -> CGDG | I34: =IFERROR(__xludf.DUMMYFUNCTION("""COMPUTED_VALUE"""),"BNK-LBS BKRC") -> BNK-LBS BKRC | J34: =IFERROR(__xludf.DUMMYFUNCTION("""COMPUTED_VALUE"""),"ZONA 2") -> ZONA 2 | K34: =IFERROR(__xludf.DUMMYFUNCTION("""COMPUTED_VALUE"""),"001R06") -> 001R06 | L34: =IFERROR(__xludf.DUMMYFUNCTION("""COMPUTED_VALUE"""),"TM - 7B/H (Afspan 90 Derajat)") -> TM - 7B/H (Afspan 90 Derajat) | M34: =IFERROR(__xludf.DUMMYFUNCTION("""COMPUTED_VALUE"""),"Tidak Ada") -> Tidak Ada | O34: =IFERROR(__xludf.DUMMYFUNCTION("""COMPUTED_VALUE"""),"PEMBANDING SEJENIS") -> PEMBANDING SEJENIS | P34: =IFERROR(__xludf.DUMMYFUNCTION("""COMPUTED_VALUE"""),"KONEKTOR/JUMPER") -> KONEKTOR/JUMPER | Q34: =IFERROR(__xludf.DUMMYFUNCTION("""COMPUTED_VALUE"""),23.0) -> 23 | R34: =IFERROR(__xludf.DUMMYFUNCTION("""COMPUTED_VALUE"""),23.0) -> 23 | S34: =IFERROR(__xludf.DUMMYFUNCTION("""COMPUTED_VALUE"""),21.0) -> 21 | U34: =IFERROR(__xludf.DUMMYFUNCTION("""COMPUTED_VALUE"""),"BAIK") -> BAIK | V34: =IFERROR(__xludf.DUMMYFUNCTION("""COMPUTED_VALUE"""),"Tidak Ada") -> Tidak Ada | AC34: =IFERROR(__xludf.DUMMYFUNCTION("""COMPUTED_VALUE"""),"INSPEKSI SUTM - T2_Images/1675fc2d.FOTO.113156.jpg") -> INSPEKSI SUTM - T2_Images/1675fc2d.FOTO.113156.jpg | AF34: =IFERROR(__xludf.DUMMYFUNCTION("""COMPUTED_VALUE"""),"BELUM") -> BELUM | AG34: =IFERROR(__xludf.DUMMYFUNCTION("""COMPUTED_VALUE"""),46032.0) -> 46032
A35: =IFERROR(__xludf.DUMMYFUNCTION("""COMPUTED_VALUE"""),"d7af6cde") -> d7af6cde | B35: =IFERROR(__xludf.DUMMYFUNCTION("""COMPUTED_VALUE"""),46032.77234953704) -> 46032.772 | C35: =IFERROR(__xludf.DUMMYFUNCTION("""COMPUTED_VALUE"""),"-6.963717, 107.646521") -> -6.963717, 107.646521 | D35: =IFERROR(__xludf.DUMMYFUNCTION("""COMPUTED_VALUE"""),"Alam deril") -> Alam deril | E35: =IFERROR(__xludf.DUMMYFUNCTION("""COMPUTED_VALUE"""),"BANDUNG") -> BANDUNG | F35: =IFERROR(__xludf.DUMMYFUNCTION("""COMPUTED_VALUE"""),"BANDUNG UTARA") -> BANDUNG UTARA | G35: =IFERROR(__xludf.DUMMYFUNCTION("""COMPUTED_VALUE"""),"BENGKOK") -> BENGKOK | H35: =IFERROR(__xludf.DUMMYFUNCTION("""COMPUTED_VALUE"""),"CGDG") -> CGDG | I35: =IFERROR(__xludf.DUMMYFUNCTION("""COMPUTED_VALUE"""),"BNK-LBS BKRC") -> BNK-LBS BKRC | J35: =IFERROR(__xludf.DUMMYFUNCTION("""COMPUTED_VALUE"""),"ZONA 2") -> ZONA 2 | K35: =IFERROR(__xludf.DUMMYFUNCTION("""COMPUTED_VALUE"""),"004") -> 004 | L35: =IFERROR(__xludf.DUMMYFUNCTION("""COMPUTED_VALUE"""),"TM - 7B/H (Afspan 90 Derajat)") -> TM - 7B/H (Afspan 90 Derajat) | M35: =IFERROR(__xludf.DUMMYFUNCTION("""COMPUTED_VALUE"""),"Tidak Ada") -> Tidak Ada | O35: =IFERROR(__xludf.DUMMYFUNCTION("""COMPUTED_VALUE"""),"PEMBANDING SEJENIS") -> PEMBANDING SEJENIS | P35: =IFERROR(__xludf.DUMMYFUNCTION("""COMPUTED_VALUE"""),"KONEKTOR/JUMPER") -> KONEKTOR/JUMPER | Q35: =IFERROR(__xludf.DUMMYFUNCTION("""COMPUTED_VALUE"""),21.0) -> 21 | R35: =IFERROR(__xludf.DUMMYFUNCTION("""COMPUTED_VALUE"""),19.0) -> 19 | S35: =IFERROR(__xludf.DUMMYFUNCTION("""COMPUTED_VALUE"""),21.0) -> 21 | U35: =IFERROR(__xludf.DUMMYFUNCTION("""COMPUTED_VALUE"""),"BAIK") -> BAIK | V35: =IFERROR(__xludf.DUMMYFUNCTION("""COMPUTED_VALUE"""),"Tidak Ada") -> Tidak Ada | AC35: =IFERROR(__xludf.DUMMYFUNCTION("""COMPUTED_VALUE"""),"INSPEKSI SUTM - T2_Images/d7af6cde.FOTO.113303.jpg") -> INSPEKSI SUTM - T2_Images/d7af6cde.FOTO.113303.jpg | AF35: =IFERROR(__xludf.DUMMYFUNCTION("""COMPUTED_VALUE"""),"BELUM") -> BELUM | AG35: =IFERROR(__xludf.DUMMYFUNCTION("""COMPUTED_VALUE"""),46032.0) -> 46032
A36: =IFERROR(__xludf.DUMMYFUNCTION("""COMPUTED_VALUE"""),"f0500f62") -> f0500f62 | B36: =IFERROR(__xludf.DUMMYFUNCTION("""COMPUTED_VALUE"""),46032.77313657408) -> 46032.773 | C36: =IFERROR(__xludf.DUMMYFUNCTION("""COMPUTED_VALUE"""),"-6.963712, 107.646532") -> -6.963712, 107.646532 | D36: =IFERROR(__xludf.DUMMYFUNCTION("""COMPUTED_VALUE"""),"Alam deril") -> Alam deril | E36: =IFERROR(__xludf.DUMMYFUNCTION("""COMPUTED_VALUE"""),"BANDUNG") -> BANDUNG | F36: =IFERROR(__xludf.DUMMYFUNCTION("""COMPUTED_VALUE"""),"BANDUNG UTARA") -> BANDUNG UTARA | G36: =IFERROR(__xludf.DUMMYFUNCTION("""COMPUTED_VALUE"""),"BENGKOK") -> BENGKOK | H36: =IFERROR(__xludf.DUMMYFUNCTION("""COMPUTED_VALUE"""),"CGDG") -> CGDG | I36: =IFERROR(__xludf.DUMMYFUNCTION("""COMPUTED_VALUE"""),"BNK-LBS BKRC") -> BNK-LBS BKRC | J36: =IFERROR(__xludf.DUMMYFUNCTION("""COMPUTED_VALUE"""),"ZONA 2") -> ZONA 2 | K36: =IFERROR(__xludf.DUMMYFUNCTION("""COMPUTED_VALUE"""),"005") -> 005 | L36: =IFERROR(__xludf.DUMMYFUNCTION("""COMPUTED_VALUE"""),"TM - 8BC/HC (Percabangan dengan CO)") -> TM - 8BC/HC (Percabangan dengan CO) | M36: =IFERROR(__xludf.DUMMYFUNCTION("""COMPUTED_VALUE"""),"Tidak Ada") -> Tidak Ada | O36: =IFERROR(__xludf.DUMMYFUNCTION("""COMPUTED_VALUE"""),"PEMBANDING SEJENIS") -> PEMBANDING SEJENIS | P36: =IFERROR(__xludf.DUMMYFUNCTION("""COMPUTED_VALUE"""),"KONEKTOR/JUMPER") -> KONEKTOR/JUMPER | Q36: =IFERROR(__xludf.DUMMYFUNCTION("""COMPUTED_VALUE"""),21.0) -> 21 | R36: =IFERROR(__xludf.DUMMYFUNCTION("""COMPUTED_VALUE"""),21.0) -> 21 | S36: =IFERROR(__xludf.DUMMYFUNCTION("""COMPUTED_VALUE"""),21.0) -> 21 | U36: =IFERROR(__xludf.DUMMYFUNCTION("""COMPUTED_VALUE"""),"BAIK") -> BAIK | V36: =IFERROR(__xludf.DUMMYFUNCTION("""COMPUTED_VALUE"""),"Tidak Ada") -> Tidak Ada | AC36: =IFERROR(__xludf.DUMMYFUNCTION("""COMPUTED_VALUE"""),"INSPEKSI SUTM - T2_Images/f0500f62.FOTO.113409.jpg") -> INSPEKSI SUTM - T2_Images/f0500f62.FOTO.113409.jpg | AF36: =IFERROR(__xludf.DUMMYFUNCTION("""COMPUTED_VALUE"""),"BELUM") -> BELUM | AG36: =IFERROR(__xludf.DUMMYFUNCTION("""COMPUTED_VALUE"""),46032.0) -> 46032
A37: =IFERROR(__xludf.DUMMYFUNCTION("""COMPUTED_VALUE"""),"0db843d3") -> 0db843d3 | B37: =IFERROR(__xludf.DUMMYFUNCTION("""COMPUTED_VALUE"""),46032.77371527778) -> 46032.774 | C37: =IFERROR(__xludf.DUMMYFUNCTION("""COMPUTED_VALUE"""),"-6.963716, 107.646532") -> -6.963716, 107.646532 | D37: =IFERROR(__xludf.DUMMYFUNCTION("""COMPUTED_VALUE"""),"Alam deril") -> Alam deril | E37: =IFERROR(__xludf.DUMMYFUNCTION("""COMPUTED_VALUE"""),"BANDUNG") -> BANDUNG | F37: =IFERROR(__xludf.DUMMYFUNCTION("""COMPUTED_VALUE"""),"BANDUNG UTARA") -> BANDUNG UTARA | G37: =IFERROR(__xludf.DUMMYFUNCTION("""COMPUTED_VALUE"""),"BENGKOK") -> BENGKOK | H37: =IFERROR(__xludf.DUMMYFUNCTION("""COMPUTED_VALUE"""),"CGDG") -> CGDG | I37: =IFERROR(__xludf.DUMMYFUNCTION("""COMPUTED_VALUE"""),"BNK-LBS BKRC") -> BNK-LBS BKRC | J37: =IFERROR(__xludf.DUMMYFUNCTION("""COMPUTED_VALUE"""),"ZONA 2") -> ZONA 2 | K37: =IFERROR(__xludf.DUMMYFUNCTION("""COMPUTED_VALUE"""),"008") -> 008 | L37: =IFERROR(__xludf.DUMMYFUNCTION("""COMPUTED_VALUE"""),"TM - 4B/H (Afspan)") -> TM - 4B/H (Afspan) | M37: =IFERROR(__xludf.DUMMYFUNCTION("""COMPUTED_VALUE"""),"Tidak Ada") -> Tidak Ada | O37: =IFERROR(__xludf.DUMMYFUNCTION("""COMPUTED_VALUE"""),"PEMBANDING SEJENIS") -> PEMBANDING SEJENIS | P37: =IFERROR(__xludf.DUMMYFUNCTION("""COMPUTED_VALUE"""),"KONEKTOR/JUMPER") -> KONEKTOR/JUMPER | Q37: =IFERROR(__xludf.DUMMYFUNCTION("""COMPUTED_VALUE"""),20.0) -> 20 | R37: =IFERROR(__xludf.DUMMYFUNCTION("""COMPUTED_VALUE"""),20.0) -> 20 | S37: =IFERROR(__xludf.DUMMYFUNCTION("""COMPUTED_VALUE"""),20.0) -> 20 | U37: =IFERROR(__xludf.DUMMYFUNCTION("""COMPUTED_VALUE"""),"BAIK") -> BAIK | V37: =IFERROR(__xludf.DUMMYFUNCTION("""COMPUTED_VALUE"""),"Tidak Ada") -> Tidak Ada | AC37: =IFERROR(__xludf.DUMMYFUNCTION("""COMPUTED_VALUE"""),"INSPEKSI SUTM - T2_Images/0db843d3.FOTO.113450.jpg") -> INSPEKSI SUTM - T2_Images/0db843d3.FOTO.113450.jpg | AF37: =IFERROR(__xludf.DUMMYFUNCTION("""COMPUTED_VALUE"""),"BELUM") -> BELUM | AG37: =IFERROR(__xludf.DUMMYFUNCTION("""COMPUTED_VALUE"""),46032.0) -> 46032
A38: =IFERROR(__xludf.DUMMYFUNCTION("""COMPUTED_VALUE"""),"a4fdb720") -> a4fdb720 | B38: =IFERROR(__xludf.DUMMYFUNCTION("""COMPUTED_VALUE"""),46032.77427083333) -> 46032.774 | C38: =IFERROR(__xludf.DUMMYFUNCTION("""COMPUTED_VALUE"""),"-6.963714, 107.646517") -> -6.963714, 107.646517 | D38: =IFERROR(__xludf.DUMMYFUNCTION("""COMPUTED_VALUE"""),"Alam deril") -> Alam deril | E38: =IFERROR(__xludf.DUMMYFUNCTION("""COMPUTED_VALUE"""),"BANDUNG") -> BANDUNG | F38: =IFERROR(__xludf.DUMMYFUNCTION("""COMPUTED_VALUE"""),"BANDUNG UTARA") -> BANDUNG UTARA | G38: =IFERROR(__xludf.DUMMYFUNCTION("""COMPUTED_VALUE"""),"BENGKOK") -> BENGKOK | H38: =IFERROR(__xludf.DUMMYFUNCTION("""COMPUTED_VALUE"""),"CGDG") -> CGDG | I38: =IFERROR(__xludf.DUMMYFUNCTION("""COMPUTED_VALUE"""),"BNK-LBS BKRC") -> BNK-LBS BKRC | J38: =IFERROR(__xludf.DUMMYFUNCTION("""COMPUTED_VALUE"""),"ZONA 2") -> ZONA 2 | K38: =IFERROR(__xludf.DUMMYFUNCTION("""COMPUTED_VALUE"""),"010") -> 010 | L38: =IFERROR(__xludf.DUMMYFUNCTION("""COMPUTED_VALUE"""),"TM - 8B/H (Percabangan)") -> TM - 8B/H (Percabangan) | M38: =IFERROR(__xludf.DUMMYFUNCTION("""COMPUTED_VALUE"""),"Tidak Ada") -> Tidak Ada | O38: =IFERROR(__xludf.DUMMYFUNCTION("""COMPUTED_VALUE"""),"PEMBANDING SEJENIS") -> PEMBANDING SEJENIS | P38: =IFERROR(__xludf.DUMMYFUNCTION("""COMPUTED_VALUE"""),"KONEKTOR/JUMPER") -> KONEKTOR/JUMPER | Q38: =IFERROR(__xludf.DUMMYFUNCTION("""COMPUTED_VALUE"""),21.0) -> 21 | R38: =IFERROR(__xludf.DUMMYFUNCTION("""COMPUTED_VALUE"""),21.0) -> 21 | S38: =IFERROR(__xludf.DUMMYFUNCTION("""COMPUTED_VALUE"""),21.0) -> 21 | U38: =IFERROR(__xludf.DUMMYFUNCTION("""COMPUTED_VALUE"""),"BAIK") -> BAIK | V38: =IFERROR(__xludf.DUMMYFUNCTION("""COMPUTED_VALUE"""),"Tidak Ada") -> Tidak Ada | AC38: =IFERROR(__xludf.DUMMYFUNCTION("""COMPUTED_VALUE"""),"INSPEKSI SUTM - T2_Images/a4fdb720.FOTO.113637.jpg") -> INSPEKSI SUTM - T2_Images/a4fdb720.FOTO.113637.jpg | AF38: =IFERROR(__xludf.DUMMYFUNCTION("""COMPUTED_VALUE"""),"BELUM") -> BELUM | AG38: =IFERROR(__xludf.DUMMYFUNCTION("""COMPUTED_VALUE"""),46032.0) -> 46032
A39: =IFERROR(__xludf.DUMMYFUNCTION("""COMPUTED_VALUE"""),"8003dc8c") -> 8003dc8c | B39: =IFERROR(__xludf.DUMMYFUNCTION("""COMPUTED_VALUE"""),46032.77543981482) -> 46032.775 | C39: =IFERROR(__xludf.DUMMYFUNCTION("""COMPUTED_VALUE"""),"-6.963707, 107.646534") -> -6.963707, 107.646534 | D39: =IFERROR(__xludf.DUMMYFUNCTION("""COMPUTED_VALUE"""),"Alam deril") -> Alam deril | E39: =IFERROR(__xludf.DUMMYFUNCTION("""COMPUTED_VALUE"""),"BANDUNG") -> BANDUNG | F39: =IFERROR(__xludf.DUMMYFUNCTION("""COMPUTED_VALUE"""),"BANDUNG UTARA") -> BANDUNG UTARA | G39: =IFERROR(__xludf.DUMMYFUNCTION("""COMPUTED_VALUE"""),"BENGKOK") -> BENGKOK | H39: =IFERROR(__xludf.DUMMYFUNCTION("""COMPUTED_VALUE"""),"CGDG") -> CGDG | I39: =IFERROR(__xludf.DUMMYFUNCTION("""COMPUTED_VALUE"""),"BNK-LBS BKRC") -> BNK-LBS BKRC | J39: =IFERROR(__xludf.DUMMYFUNCTION("""COMPUTED_VALUE"""),"ZONA 2") -> ZONA 2 | K39: =IFERROR(__xludf.DUMMYFUNCTION("""COMPUTED_VALUE"""),"010L01") -> 010L01 | L39: =IFERROR(__xludf.DUMMYFUNCTION("""COMPUTED_VALUE"""),"TM - 4BC/HC (Afspan dengan CO)") -> TM - 4BC/HC (Afspan dengan CO) | M39: =IFERROR(__xludf.DUMMYFUNCTION("""COMPUTED_VALUE"""),"Tidak Ada") -> Tidak Ada | O39: =IFERROR(__xludf.DUMMYFUNCTION("""COMPUTED_VALUE"""),"PEMBANDING SEJENIS") -> PEMBANDING SEJENIS | P39: =IFERROR(__xludf.DUMMYFUNCTION("""COMPUTED_VALUE"""),"KONEKTOR/JUMPER") -> KONEKTOR/JUMPER | Q39: =IFERROR(__xludf.DUMMYFUNCTION("""COMPUTED_VALUE"""),18.0) -> 18 | R39: =IFERROR(__xludf.DUMMYFUNCTION("""COMPUTED_VALUE"""),19.0) -> 19 | S39: =IFERROR(__xludf.DUMMYFUNCTION("""COMPUTED_VALUE"""),20.0) -> 20 | U39: =IFERROR(__xludf.DUMMYFUNCTION("""COMPUTED_VALUE"""),"BAIK") -> BAIK | V39: =IFERROR(__xludf.DUMMYFUNCTION("""COMPUTED_VALUE"""),"Tidak Ada") -> Tidak Ada | AC39: =IFERROR(__xludf.DUMMYFUNCTION("""COMPUTED_VALUE"""),"INSPEKSI SUTM - T2_Images/8003dc8c.FOTO.113830.jpg") -> INSPEKSI SUTM - T2_Images/8003dc8c.FOTO.113830.jpg | AF39: =IFERROR(__xludf.DUMMYFUNCTION("""COMPUTED_VALUE"""),"BELUM") -> BELUM | AG39: =IFERROR(__xludf.DUMMYFUNCTION("""COMPUTED_VALUE"""),46032.0) -> 46032
A40: =IFERROR(__xludf.DUMMYFUNCTION("""COMPUTED_VALUE"""),"d54c0ec4") -> d54c0ec4 | B40: =IFERROR(__xludf.DUMMYFUNCTION("""COMPUTED_VALUE"""),46032.77700231481) -> 46032.777 | C40: =IFERROR(__xludf.DUMMYFUNCTION("""COMPUTED_VALUE"""),"-6.963716, 107.646529") -> -6.963716, 107.646529 | D40: =IFERROR(__xludf.DUMMYFUNCTION("""COMPUTED_VALUE"""),"Alam deril") -> Alam deril | E40: =IFERROR(__xludf.DUMMYFUNCTION("""COMPUTED_VALUE"""),"BANDUNG") -> BANDUNG | F40: =IFERROR(__xludf.DUMMYFUNCTION("""COMPUTED_VALUE"""),"BANDUNG UTARA") -> BANDUNG UTARA | G40: =IFERROR(__xludf.DUMMYFUNCTION("""COMPUTED_VALUE"""),"BENGKOK") -> BENGKOK | H40: =IFERROR(__xludf.DUMMYFUNCTION("""COMPUTED_VALUE"""),"CGDG") -> CGDG | I40: =IFERROR(__xludf.DUMMYFUNCTION("""COMPUTED_VALUE"""),"BNK-LBS BKRC") -> BNK-LBS BKRC | J40: =IFERROR(__xludf.DUMMYFUNCTION("""COMPUTED_VALUE"""),"ZONA 2") -> ZONA 2 | K40: =IFERROR(__xludf.DUMMYFUNCTION("""COMPUTED_VALUE"""),"010L04") -> 010L04 | L40: =IFERROR(__xludf.DUMMYFUNCTION("""COMPUTED_VALUE"""),"TM - 4BC/HC (Afspan dengan CO)") -> TM - 4BC/HC (Afspan dengan CO) | M40: =IFERROR(__xludf.DUMMYFUNCTION("""COMPUTED_VALUE"""),"Tidak Ada") -> Tidak Ada | O40: =IFERROR(__xludf.DUMMYFUNCTION("""COMPUTED_VALUE"""),"PEMBANDING SEJENIS") -> PEMBANDING SEJENIS | P40: =IFERROR(__xludf.DUMMYFUNCTION("""COMPUTED_VALUE"""),"KONEKTOR/JUMPER") -> KONEKTOR/JUMPER | Q40: =IFERROR(__xludf.DUMMYFUNCTION("""COMPUTED_VALUE"""),18.0) -> 18 | R40: =IFERROR(__xludf.DUMMYFUNCTION("""COMPUTED_VALUE"""),21.0) -> 21 | S40: =IFERROR(__xludf.DUMMYFUNCTION("""COMPUTED_VALUE"""),19.0) -> 19 | U40: =IFERROR(__xludf.DUMMYFUNCTION("""COMPUTED_VALUE"""),"CUKUP") -> CUKUP | V40: =IFERROR(__xludf.DUMMYFUNCTION("""COMPUTED_VALUE"""),"Tidak Ada") -> Tidak Ada | AC40: =IFERROR(__xludf.DUMMYFUNCTION("""COMPUTED_VALUE"""),"INSPEKSI SUTM - T2_Images/d54c0ec4.FOTO.114037.jpg") -> INSPEKSI SUTM - T2_Images/d54c0ec4.FOTO.114037.jpg | AF40: =IFERROR(__xludf.DUMMYFUNCTION("""COMPUTED_VALUE"""),"BELUM") -> BELUM | AG40: =IFERROR(__xludf.DUMMYFUNCTION("""COMPUTED_VALUE"""),46032.0) -> 46032
A41: =IFERROR(__xludf.DUMMYFUNCTION("""COMPUTED_VALUE"""),"958ed338") -> 958ed338 | B41: =IFERROR(__xludf.DUMMYFUNCTION("""COMPUTED_VALUE"""),46032.778287037036) -> 46032.778 | C41: =IFERROR(__xludf.DUMMYFUNCTION("""COMPUTED_VALUE"""),"-6.963702, 107.646525") -> -6.963702, 107.646525 | D41: =IFERROR(__xludf.DUMMYFUNCTION("""COMPUTED_VALUE"""),"Alam deril") -> Alam deril | E41: =IFERROR(__xludf.DUMMYFUNCTION("""COMPUTED_VALUE"""),"BANDUNG") -> BANDUNG | F41: =IFERROR(__xludf.DUMMYFUNCTION("""COMPUTED_VALUE"""),"BANDUNG UTARA") -> BANDUNG UTARA | G41: =IFERROR(__xludf.DUMMYFUNCTION("""COMPUTED_VALUE"""),"BENGKOK") -> BENGKOK | H41: =IFERROR(__xludf.DUMMYFUNCTION("""COMPUTED_VALUE"""),"CGDG") -> CGDG | I41: =IFERROR(__xludf.DUMMYFUNCTION("""COMPUTED_VALUE"""),"BNK-LBS BKRC") -> BNK-LBS BKRC | J41: =IFERROR(__xludf.DUMMYFUNCTION("""COMPUTED_VALUE"""),"ZONA 2") -> ZONA 2 | K41: =IFERROR(__xludf.DUMMYFUNCTION("""COMPUTED_VALUE"""),"010L06") -> 010L06 | L41: =IFERROR(__xludf.DUMMYFUNCTION("""COMPUTED_VALUE"""),"TM - 7B/H (Afspan 90 Derajat)") -> TM - 7B/H (Afspan 90 Derajat) | M41: =IFERROR(__xludf.DUMMYFUNCTION("""COMPUTED_VALUE"""),"Tidak Ada") -> Tidak Ada | O41: =IFERROR(__xludf.DUMMYFUNCTION("""COMPUTED_VALUE"""),"PEMBANDING SEJENIS") -> PEMBANDING SEJENIS | P41: =IFERROR(__xludf.DUMMYFUNCTION("""COMPUTED_VALUE"""),"KONEKTOR/JUMPER") -> KONEKTOR/JUMPER | Q41: =IFERROR(__xludf.DUMMYFUNCTION("""COMPUTED_VALUE"""),21.0) -> 21 | R41: =IFERROR(__xludf.DUMMYFUNCTION("""COMPUTED_VALUE"""),20.0) -> 20 | S41: =IFERROR(__xludf.DUMMYFUNCTION("""COMPUTED_VALUE"""),21.0) -> 21 | U41: =IFERROR(__xludf.DUMMYFUNCTION("""COMPUTED_VALUE"""),"BAIK") -> BAIK | V41: =IFERROR(__xludf.DUMMYFUNCTION("""COMPUTED_VALUE"""),"Tidak Ada") -> Tidak Ada | AC41: =IFERROR(__xludf.DUMMYFUNCTION("""COMPUTED_VALUE"""),"INSPEKSI SUTM - T2_Images/958ed338.FOTO.114127.jpg") -> INSPEKSI SUTM - T2_Images/958ed338.FOTO.114127.jpg | AF41: =IFERROR(__xludf.DUMMYFUNCTION("""COMPUTED_VALUE"""),"BELUM") -> BELUM | AG41: =IFERROR(__xludf.DUMMYFUNCTION("""COMPUTED_VALUE"""),46032.0) -> 46032
A42: =IFERROR(__xludf.DUMMYFUNCTION("""COMPUTED_VALUE"""),"66d82cd4") -> 66d82cd4 | B42: =IFERROR(__xludf.DUMMYFUNCTION("""COMPUTED_VALUE"""),46032.77962962963) -> 46032.78 | C42: =IFERROR(__xludf.DUMMYFUNCTION("""COMPUTED_VALUE"""),"-6.963730, 107.646572") -> -6.963730, 107.646572 | D42: =IFERROR(__xludf.DUMMYFUNCTION("""COMPUTED_VALUE"""),"Alam deril") -> Alam deril | E42: =IFERROR(__xludf.DUMMYFUNCTION("""COMPUTED_VALUE"""),"BANDUNG") -> BANDUNG | F42: =IFERROR(__xludf.DUMMYFUNCTION("""COMPUTED_VALUE"""),"BANDUNG UTARA") -> BANDUNG UTARA | G42: =IFERROR(__xludf.DUMMYFUNCTION("""COMPUTED_VALUE"""),"BENGKOK") -> BENGKOK | H42: =IFERROR(__xludf.DUMMYFUNCTION("""COMPUTED_VALUE"""),"CGDG") -> CGDG | I42: =IFERROR(__xludf.DUMMYFUNCTION("""COMPUTED_VALUE"""),"BNK-LBS BKRC") -> BNK-LBS BKRC | J42: =IFERROR(__xludf.DUMMYFUNCTION("""COMPUTED_VALUE"""),"ZONA 2") -> ZONA 2 | K42: =IFERROR(__xludf.DUMMYFUNCTION("""COMPUTED_VALUE"""),"010L08") -> 010L08 | L42: =IFERROR(__xludf.DUMMYFUNCTION("""COMPUTED_VALUE"""),"TM - 4B/H (Afspan)") -> TM - 4B/H (Afspan) | M42: =IFERROR(__xludf.DUMMYFUNCTION("""COMPUTED_VALUE"""),"Tidak Ada") -> Tidak Ada | O42: =IFERROR(__xludf.DUMMYFUNCTION("""COMPUTED_VALUE"""),"PEMBANDING SEJENIS") -> PEMBANDING SEJENIS | P42: =IFERROR(__xludf.DUMMYFUNCTION("""COMPUTED_VALUE"""),"KONEKTOR/JUMPER") -> KONEKTOR/JUMPER | Q42: =IFERROR(__xludf.DUMMYFUNCTION("""COMPUTED_VALUE"""),21.0) -> 21 | R42: =IFERROR(__xludf.DUMMYFUNCTION("""COMPUTED_VALUE"""),21.0) -> 21 | S42: =IFERROR(__xludf.DUMMYFUNCTION("""COMPUTED_VALUE"""),21.0) -> 21 | U42: =IFERROR(__xludf.DUMMYFUNCTION("""COMPUTED_VALUE"""),"BAIK") -> BAIK | V42: =IFERROR(__xludf.DUMMYFUNCTION("""COMPUTED_VALUE"""),"Tidak Ada") -> Tidak Ada | AC42: =IFERROR(__xludf.DUMMYFUNCTION("""COMPUTED_VALUE"""),"INSPEKSI SUTM - T2_Images/66d82cd4.FOTO.114630.jpg") -> INSPEKSI SUTM - T2_Images/66d82cd4.FOTO.114630.jpg | AF42: =IFERROR(__xludf.DUMMYFUNCTION("""COMPUTED_VALUE"""),"BELUM") -> BELUM | AG42: =IFERROR(__xludf.DUMMYFUNCTION("""COMPUTED_VALUE"""),46032.0) -> 46032
A43: =IFERROR(__xludf.DUMMYFUNCTION("""COMPUTED_VALUE"""),"b47d0476") -> b47d0476 | B43: =IFERROR(__xludf.DUMMYFUNCTION("""COMPUTED_VALUE"""),46032.78074074074) -> 46032.781 | C43: =IFERROR(__xludf.DUMMYFUNCTION("""COMPUTED_VALUE"""),"-6.963717, 107.646540") -> -6.963717, 107.646540 | D43: =IFERROR(__xludf.DUMMYFUNCTION("""COMPUTED_VALUE"""),"010L011") -> 010L011 | E43: =IFERROR(__xludf.DUMMYFUNCTION("""COMPUTED_VALUE"""),"BANDUNG") -> BANDUNG | F43: =IFERROR(__xludf.DUMMYFUNCTION("""COMPUTED_VALUE"""),"BANDUNG UTARA") -> BANDUNG UTARA | G43: =IFERROR(__xludf.DUMMYFUNCTION("""COMPUTED_VALUE"""),"BENGKOK") -> BENGKOK | H43: =IFERROR(__xludf.DUMMYFUNCTION("""COMPUTED_VALUE"""),"CGDG") -> CGDG | I43: =IFERROR(__xludf.DUMMYFUNCTION("""COMPUTED_VALUE"""),"BNK-LBS BKRC") -> BNK-LBS BKRC | J43: =IFERROR(__xludf.DUMMYFUNCTION("""COMPUTED_VALUE"""),"ZONA 2") -> ZONA 2 | K43: =IFERROR(__xludf.DUMMYFUNCTION("""COMPUTED_VALUE"""),"010L011") -> 010L011 | L43: =IFERROR(__xludf.DUMMYFUNCTION("""COMPUTED_VALUE"""),"TM - 4B/H (Afspan)") -> TM - 4B/H (Afspan) | M43: =IFERROR(__xludf.DUMMYFUNCTION("""COMPUTED_VALUE"""),"Tidak Ada") -> Tidak Ada | O43: =IFERROR(__xludf.DUMMYFUNCTION("""COMPUTED_VALUE"""),"PEMBANDING SEJENIS") -> PEMBANDING SEJENIS | P43: =IFERROR(__xludf.DUMMYFUNCTION("""COMPUTED_VALUE"""),"KONEKTOR/JUMPER") -> KONEKTOR/JUMPER | Q43: =IFERROR(__xludf.DUMMYFUNCTION("""COMPUTED_VALUE"""),20.0) -> 20 | R43: =IFERROR(__xludf.DUMMYFUNCTION("""COMPUTED_VALUE"""),20.0) -> 20 | S43: =IFERROR(__xludf.DUMMYFUNCTION("""COMPUTED_VALUE"""),19.0) -> 19 | U43: =IFERROR(__xludf.DUMMYFUNCTION("""COMPUTED_VALUE"""),"BAIK") -> BAIK | V43: =IFERROR(__xludf.DUMMYFUNCTION("""COMPUTED_VALUE"""),"Tidak Ada") -> Tidak Ada | AC43: =IFERROR(__xludf.DUMMYFUNCTION("""COMPUTED_VALUE"""),"INSPEKSI SUTM - T2_Images/b47d0476.FOTO.114602.jpg") -> INSPEKSI SUTM - T2_Images/b47d0476.FOTO.114602.jpg | AF43: =IFERROR(__xludf.DUMMYFUNCTION("""COMPUTED_VALUE"""),"BELUM") -> BELUM | AG43: =IFERROR(__xludf.DUMMYFUNCTION("""COMPUTED_VALUE"""),46032.0) -> 46032
A44: =IFERROR(__xludf.DUMMYFUNCTION("""COMPUTED_VALUE"""),"a5a45fea") -> a5a45fea | B44: =IFERROR(__xludf.DUMMYFUNCTION("""COMPUTED_VALUE"""),46032.78234953704) -> 46032.782 | C44: =IFERROR(__xludf.DUMMYFUNCTION("""COMPUTED_VALUE"""),"-6.963714, 107.646552") -> -6.963714, 107.646552 | D44: =IFERROR(__xludf.DUMMYFUNCTION("""COMPUTED_VALUE"""),"Alam deril") -> Alam deril | E44: =IFERROR(__xludf.DUMMYFUNCTION("""COMPUTED_VALUE"""),"BANDUNG") -> BANDUNG | F44: =IFERROR(__xludf.DUMMYFUNCTION("""COMPUTED_VALUE"""),"BANDUNG UTARA") -> BANDUNG UTARA | G44: =IFERROR(__xludf.DUMMYFUNCTION("""COMPUTED_VALUE"""),"BENGKOK") -> BENGKOK | H44: =IFERROR(__xludf.DUMMYFUNCTION("""COMPUTED_VALUE"""),"CGDG") -> CGDG | I44: =IFERROR(__xludf.DUMMYFUNCTION("""COMPUTED_VALUE"""),"BNK-LBS BKRC") -> BNK-LBS BKRC | J44: =IFERROR(__xludf.DUMMYFUNCTION("""COMPUTED_VALUE"""),"ZONA 2") -> ZONA 2 | K44: =IFERROR(__xludf.DUMMYFUNCTION("""COMPUTED_VALUE"""),"010L014") -> 010L014 | L44: =IFERROR(__xludf.DUMMYFUNCTION("""COMPUTED_VALUE"""),"TM - 8B/H (Percabangan)") -> TM - 8B/H (Percabangan) | M44: =IFERROR(__xludf.DUMMYFUNCTION("""COMPUTED_VALUE"""),"Tidak Ada") -> Tidak Ada | O44: =IFERROR(__xludf.DUMMYFUNCTION("""COMPUTED_VALUE"""),"PEMBANDING SEJENIS") -> PEMBANDING SEJENIS | P44: =IFERROR(__xludf.DUMMYFUNCTION("""COMPUTED_VALUE"""),"KONEKTOR/JUMPER") -> KONEKTOR/JUMPER | Q44: =IFERROR(__xludf.DUMMYFUNCTION("""COMPUTED_VALUE"""),20.0) -> 20 | R44: =IFERROR(__xludf.DUMMYFUNCTION("""COMPUTED_VALUE"""),20.0) -> 20 | S44: =IFERROR(__xludf.DUMMYFUNCTION("""COMPUTED_VALUE"""),20.0) -> 20 | U44: =IFERROR(__xludf.DUMMYFUNCTION("""COMPUTED_VALUE"""),"BAIK") -> BAIK | V44: =IFERROR(__xludf.DUMMYFUNCTION("""COMPUTED_VALUE"""),"Tidak Ada") -> Tidak Ada | AC44: =IFERROR(__xludf.DUMMYFUNCTION("""COMPUTED_VALUE"""),"INSPEKSI SUTM - T2_Images/a5a45fea.FOTO.114737.jpg") -> INSPEKSI SUTM - T2_Images/a5a45fea.FOTO.114737.jpg | AF44: =IFERROR(__xludf.DUMMYFUNCTION("""COMPUTED_VALUE"""),"BELUM") -> BELUM | AG44: =IFERROR(__xludf.DUMMYFUNCTION("""COMPUTED_VALUE"""),46032.0) -> 46032
A45: =IFERROR(__xludf.DUMMYFUNCTION("""COMPUTED_VALUE"""),"ad05f864") -> ad05f864 | B45: =IFERROR(__xludf.DUMMYFUNCTION("""COMPUTED_VALUE"""),46032.783159722225) -> 46032.783 | C45: =IFERROR(__xludf.DUMMYFUNCTION("""COMPUTED_VALUE"""),"-6.963716, 107.646551") -> -6.963716, 107.646551 | D45: =IFERROR(__xludf.DUMMYFUNCTION("""COMPUTED_VALUE"""),"Alam deril") -> Alam deril | E45: =IFERROR(__xludf.DUMMYFUNCTION("""COMPUTED_VALUE"""),"BANDUNG") -> BANDUNG | F45: =IFERROR(__xludf.DUMMYFUNCTION("""COMPUTED_VALUE"""),"BANDUNG UTARA") -> BANDUNG UTARA | G45: =IFERROR(__xludf.DUMMYFUNCTION("""COMPUTED_VALUE"""),"BENGKOK") -> BENGKOK | H45: =IFERROR(__xludf.DUMMYFUNCTION("""COMPUTED_VALUE"""),"CGDG") -> CGDG | I45: =IFERROR(__xludf.DUMMYFUNCTION("""COMPUTED_VALUE"""),"BNK-LBS BKRC") -> BNK-LBS BKRC | J45: =IFERROR(__xludf.DUMMYFUNCTION("""COMPUTED_VALUE"""),"ZONA 2") -> ZONA 2 | K45: =IFERROR(__xludf.DUMMYFUNCTION("""COMPUTED_VALUE"""),"010L015") -> 010L015 | L45: =IFERROR(__xludf.DUMMYFUNCTION("""COMPUTED_VALUE"""),"TM - 4B/H (Afspan)") -> TM - 4B/H (Afspan) | M45: =IFERROR(__xludf.DUMMYFUNCTION("""COMPUTED_VALUE"""),"Tidak Ada") -> Tidak Ada | O45: =IFERROR(__xludf.DUMMYFUNCTION("""COMPUTED_VALUE"""),"PEMBANDING SEJENIS") -> PEMBANDING SEJENIS | P45: =IFERROR(__xludf.DUMMYFUNCTION("""COMPUTED_VALUE"""),"KONEKTOR/JUMPER") -> KONEKTOR/JUMPER | Q45: =IFERROR(__xludf.DUMMYFUNCTION("""COMPUTED_VALUE"""),20.0) -> 20 | R45: =IFERROR(__xludf.DUMMYFUNCTION("""COMPUTED_VALUE"""),19.0) -> 19 | S45: =IFERROR(__xludf.DUMMYFUNCTION("""COMPUTED_VALUE"""),20.0) -> 20 | U45: =IFERROR(__xludf.DUMMYFUNCTION("""COMPUTED_VALUE"""),"BAIK") -> BAIK | V45: =IFERROR(__xludf.DUMMYFUNCTION("""COMPUTED_VALUE"""),"Tidak Ada") -> Tidak Ada | AC45: =IFERROR(__xludf.DUMMYFUNCTION("""COMPUTED_VALUE"""),"INSPEKSI SUTM - T2_Images/ad05f864.FOTO.114842.jpg") -> INSPEKSI SUTM - T2_Images/ad05f864.FOTO.114842.jpg | AF45: =IFERROR(__xludf.DUMMYFUNCTION("""COMPUTED_VALUE"""),"BELUM") -> BELUM | AG45: =IFERROR(__xludf.DUMMYFUNCTION("""COMPUTED_VALUE"""),46032.0) -> 46032
A46: =IFERROR(__xludf.DUMMYFUNCTION("""COMPUTED_VALUE"""),"7182647f") -> 7182647f | B46: =IFERROR(__xludf.DUMMYFUNCTION("""COMPUTED_VALUE"""),46032.78393518519) -> 46032.784 | C46: =IFERROR(__xludf.DUMMYFUNCTION("""COMPUTED_VALUE"""),"-6.963712, 107.646547") -> -6.963712, 107.646547 | D46: =IFERROR(__xludf.DUMMYFUNCTION("""COMPUTED_VALUE"""),"Alam deril") -> Alam deril | E46: =IFERROR(__xludf.DUMMYFUNCTION("""COMPUTED_VALUE"""),"BANDUNG") -> BANDUNG | F46: =IFERROR(__xludf.DUMMYFUNCTION("""COMPUTED_VALUE"""),"BANDUNG UTARA") -> BANDUNG UTARA | G46: =IFERROR(__xludf.DUMMYFUNCTION("""COMPUTED_VALUE"""),"BENGKOK") -> BENGKOK | H46: =IFERROR(__xludf.DUMMYFUNCTION("""COMPUTED_VALUE"""),"CGDG") -> CGDG | I46: =IFERROR(__xludf.DUMMYFUNCTION("""COMPUTED_VALUE"""),"BNK-LBS BKRC") -> BNK-LBS BKRC | J46: =IFERROR(__xludf.DUMMYFUNCTION("""COMPUTED_VALUE"""),"ZONA 2") -> ZONA 2 | K46: =IFERROR(__xludf.DUMMYFUNCTION("""COMPUTED_VALUE"""),"013") -> 013 | L46: =IFERROR(__xludf.DUMMYFUNCTION("""COMPUTED_VALUE"""),"TM - 8B/H (Percabangan)") -> TM - 8B/H (Percabangan) | M46: =IFERROR(__xludf.DUMMYFUNCTION("""COMPUTED_VALUE"""),"Tidak Ada") -> Tidak Ada | O46: =IFERROR(__xludf.DUMMYFUNCTION("""COMPUTED_VALUE"""),"PEMBANDING SEJENIS") -> PEMBANDING SEJENIS | P46: =IFERROR(__xludf.DUMMYFUNCTION("""COMPUTED_VALUE"""),"KONEKTOR/JUMPER") -> KONEKTOR/JUMPER | Q46: =IFERROR(__xludf.DUMMYFUNCTION("""COMPUTED_VALUE"""),21.0) -> 21 | R46: =IFERROR(__xludf.DUMMYFUNCTION("""COMPUTED_VALUE"""),21.0) -> 21 | S46: =IFERROR(__xludf.DUMMYFUNCTION("""COMPUTED_VALUE"""),21.0) -> 21 | U46: =IFERROR(__xludf.DUMMYFUNCTION("""COMPUTED_VALUE"""),"BAIK") -> BAIK | V46: =IFERROR(__xludf.DUMMYFUNCTION("""COMPUTED_VALUE"""),"Tidak Ada") -> Tidak Ada | AC46: =IFERROR(__xludf.DUMMYFUNCTION("""COMPUTED_VALUE"""),"INSPEKSI SUTM - T2_Images/7182647f.FOTO.115012.jpg") -> INSPEKSI SUTM - T2_Images/7182647f.FOTO.115012.jpg | AF46: =IFERROR(__xludf.DUMMYFUNCTION("""COMPUTED_VALUE"""),"BELUM") -> BELUM | AG46: =IFERROR(__xludf.DUMMYFUNCTION("""COMPUTED_VALUE"""),46032.0) -> 46032
A47: =IFERROR(__xludf.DUMMYFUNCTION("""COMPUTED_VALUE"""),"69ee7379") -> 69ee7379 | B47: =IFERROR(__xludf.DUMMYFUNCTION("""COMPUTED_VALUE"""),46032.78539351852) -> 46032.785 | C47: =IFERROR(__xludf.DUMMYFUNCTION("""COMPUTED_VALUE"""),"-6.963715, 107.646548") -> -6.963715, 107.646548 | D47: =IFERROR(__xludf.DUMMYFUNCTION("""COMPUTED_VALUE"""),"Alam deril") -> Alam deril | E47: =IFERROR(__xludf.DUMMYFUNCTION("""COMPUTED_VALUE"""),"BANDUNG") -> BANDUNG | F47: =IFERROR(__xludf.DUMMYFUNCTION("""COMPUTED_VALUE"""),"BANDUNG UTARA") -> BANDUNG UTARA | G47: =IFERROR(__xludf.DUMMYFUNCTION("""COMPUTED_VALUE"""),"BENGKOK") -> BENGKOK | H47: =IFERROR(__xludf.DUMMYFUNCTION("""COMPUTED_VALUE"""),"CGDG") -> CGDG | I47: =IFERROR(__xludf.DUMMYFUNCTION("""COMPUTED_VALUE"""),"BNK-LBS BKRC") -> BNK-LBS BKRC | J47: =IFERROR(__xludf.DUMMYFUNCTION("""COMPUTED_VALUE"""),"ZONA 2") -> ZONA 2 | K47: =IFERROR(__xludf.DUMMYFUNCTION("""COMPUTED_VALUE"""),"013L06") -> 013L06 | L47: =IFERROR(__xludf.DUMMYFUNCTION("""COMPUTED_VALUE"""),"TM - 16B/H (REC/SSO/LBS)") -> TM - 16B/H (REC/SSO/LBS) | M47: =IFERROR(__xludf.DUMMYFUNCTION("""COMPUTED_VALUE"""),"Tidak Ada") -> Tidak Ada | O47: =IFERROR(__xludf.DUMMYFUNCTION("""COMPUTED_VALUE"""),"PEMBANDING SEJENIS") -> PEMBANDING SEJENIS | P47: =IFERROR(__xludf.DUMMYFUNCTION("""COMPUTED_VALUE"""),"KONEKTOR/JUMPER") -> KONEKTOR/JUMPER | Q47: =IFERROR(__xludf.DUMMYFUNCTION("""COMPUTED_VALUE"""),20.0) -> 20 | R47: =IFERROR(__xludf.DUMMYFUNCTION("""COMPUTED_VALUE"""),20.0) -> 20 | S47: =IFERROR(__xludf.DUMMYFUNCTION("""COMPUTED_VALUE"""),19.0) -> 19 | U47: =IFERROR(__xludf.DUMMYFUNCTION("""COMPUTED_VALUE"""),"BAIK") -> BAIK | V47: =IFERROR(__xludf.DUMMYFUNCTION("""COMPUTED_VALUE"""),"Tidak Ada") -> Tidak Ada | AC47: =IFERROR(__xludf.DUMMYFUNCTION("""COMPUTED_VALUE"""),"INSPEKSI SUTM - T2_Images/69ee7379.FOTO.115207.jpg") -> INSPEKSI SUTM - T2_Images/69ee7379.FOTO.115207.jpg | AF47: =IFERROR(__xludf.DUMMYFUNCTION("""COMPUTED_VALUE"""),"BELUM") -> BELUM | AG47: =IFERROR(__xludf.DUMMYFUNCTION("""COMPUTED_VALUE"""),46032.0) -> 46032
A48: =IFERROR(__xludf.DUMMYFUNCTION("""COMPUTED_VALUE"""),"14cdfaf6") -> 14cdfaf6 | B48: =IFERROR(__xludf.DUMMYFUNCTION("""COMPUTED_VALUE"""),46032.78710648148) -> 46032.787 | C48: =IFERROR(__xludf.DUMMYFUNCTION("""COMPUTED_VALUE"""),"-6.963710, 107.646543") -> -6.963710, 107.646543 | D48: =IFERROR(__xludf.DUMMYFUNCTION("""COMPUTED_VALUE"""),"Alam deril") -> Alam deril | E48: =IFERROR(__xludf.DUMMYFUNCTION("""COMPUTED_VALUE"""),"BANDUNG") -> BANDUNG | F48: =IFERROR(__xludf.DUMMYFUNCTION("""COMPUTED_VALUE"""),"BANDUNG UTARA") -> BANDUNG UTARA | G48: =IFERROR(__xludf.DUMMYFUNCTION("""COMPUTED_VALUE"""),"BENGKOK") -> BENGKOK | H48: =IFERROR(__xludf.DUMMYFUNCTION("""COMPUTED_VALUE"""),"CGDG") -> CGDG | I48: =IFERROR(__xludf.DUMMYFUNCTION("""COMPUTED_VALUE"""),"BNK-LBS BKRC") -> BNK-LBS BKRC | J48: =IFERROR(__xludf.DUMMYFUNCTION("""COMPUTED_VALUE"""),"ZONA 2") -> ZONA 2 | K48: =IFERROR(__xludf.DUMMYFUNCTION("""COMPUTED_VALUE"""),"019") -> 019 | L48: =IFERROR(__xludf.DUMMYFUNCTION("""COMPUTED_VALUE"""),"TM - 4B/H (Afspan)") -> TM - 4B/H (Afspan) | M48: =IFERROR(__xludf.DUMMYFUNCTION("""COMPUTED_VALUE"""),"Tidak Ada") -> Tidak Ada | O48: =IFERROR(__xludf.DUMMYFUNCTION("""COMPUTED_VALUE"""),"PEMBANDING SEJENIS") -> PEMBANDING SEJENIS | P48: =IFERROR(__xludf.DUMMYFUNCTION("""COMPUTED_VALUE"""),"KONEKTOR/JUMPER") -> KONEKTOR/JUMPER | Q48: =IFERROR(__xludf.DUMMYFUNCTION("""COMPUTED_VALUE"""),18.0) -> 18 | R48: =IFERROR(__xludf.DUMMYFUNCTION("""COMPUTED_VALUE"""),19.0) -> 19 | S48: =IFERROR(__xludf.DUMMYFUNCTION("""COMPUTED_VALUE"""),17.0) -> 17 | U48: =IFERROR(__xludf.DUMMYFUNCTION("""COMPUTED_VALUE"""),"BAIK") -> BAIK | V48: =IFERROR(__xludf.DUMMYFUNCTION("""COMPUTED_VALUE"""),"Tidak Ada") -> Tidak Ada | AC48: =IFERROR(__xludf.DUMMYFUNCTION("""COMPUTED_VALUE"""),"INSPEKSI SUTM - T2_Images/14cdfaf6.FOTO.115441.jpg") -> INSPEKSI SUTM - T2_Images/14cdfaf6.FOTO.115441.jpg | AF48: =IFERROR(__xludf.DUMMYFUNCTION("""COMPUTED_VALUE"""),"BELUM") -> BELUM | AG48: =IFERROR(__xludf.DUMMYFUNCTION("""COMPUTED_VALUE"""),46032.0) -> 46032
A49: =IFERROR(__xludf.DUMMYFUNCTION("""COMPUTED_VALUE"""),"59095bf8") -> 59095bf8 | B49: =IFERROR(__xludf.DUMMYFUNCTION("""COMPUTED_VALUE"""),46032.78858796296) -> 46032.789 | C49: =IFERROR(__xludf.DUMMYFUNCTION("""COMPUTED_VALUE"""),"-6.963716, 107.646549") -> -6.963716, 107.646549 | D49: =IFERROR(__xludf.DUMMYFUNCTION("""COMPUTED_VALUE"""),"Alam deril") -> Alam deril | E49: =IFERROR(__xludf.DUMMYFUNCTION("""COMPUTED_VALUE"""),"BANDUNG") -> BANDUNG | F49: =IFERROR(__xludf.DUMMYFUNCTION("""COMPUTED_VALUE"""),"BANDUNG UTARA") -> BANDUNG UTARA | G49: =IFERROR(__xludf.DUMMYFUNCTION("""COMPUTED_VALUE"""),"BENGKOK") -> BENGKOK | H49: =IFERROR(__xludf.DUMMYFUNCTION("""COMPUTED_VALUE"""),"CGDG") -> CGDG | I49: =IFERROR(__xludf.DUMMYFUNCTION("""COMPUTED_VALUE"""),"BNK-LBS BKRC") -> BNK-LBS BKRC | J49: =IFERROR(__xludf.DUMMYFUNCTION("""COMPUTED_VALUE"""),"ZONA 2") -> ZONA 2 | K49: =IFERROR(__xludf.DUMMYFUNCTION("""COMPUTED_VALUE"""),"023") -> 023 | L49: =IFERROR(__xludf.DUMMYFUNCTION("""COMPUTED_VALUE"""),"TM - 8B/H (Percabangan)") -> TM - 8B/H (Percabangan) | M49: =IFERROR(__xludf.DUMMYFUNCTION("""COMPUTED_VALUE"""),"Tidak Ada") -> Tidak Ada | O49: =IFERROR(__xludf.DUMMYFUNCTION("""COMPUTED_VALUE"""),"PEMBANDING SEJENIS") -> PEMBANDING SEJENIS | P49: =IFERROR(__xludf.DUMMYFUNCTION("""COMPUTED_VALUE"""),"KONEKTOR/JUMPER") -> KONEKTOR/JUMPER | Q49: =IFERROR(__xludf.DUMMYFUNCTION("""COMPUTED_VALUE"""),20.0) -> 20 | R49: =IFERROR(__xludf.DUMMYFUNCTION("""COMPUTED_VALUE"""),21.0) -> 21 | S49: =IFERROR(__xludf.DUMMYFUNCTION("""COMPUTED_VALUE"""),21.0) -> 21 | U49: =IFERROR(__xludf.DUMMYFUNCTION("""COMPUTED_VALUE"""),"BAIK") -> BAIK | V49: =IFERROR(__xludf.DUMMYFUNCTION("""COMPUTED_VALUE"""),"Tidak Ada") -> Tidak Ada | AC49: =IFERROR(__xludf.DUMMYFUNCTION("""COMPUTED_VALUE"""),"INSPEKSI SUTM - T2_Images/59095bf8.FOTO.115627.jpg") -> INSPEKSI SUTM - T2_Images/59095bf8.FOTO.115627.jpg | AF49: =IFERROR(__xludf.DUMMYFUNCTION("""COMPUTED_VALUE"""),"BELUM") -> BELUM | AG49: =IFERROR(__xludf.DUMMYFUNCTION("""COMPUTED_VALUE"""),46032.0) -> 46032
A50: =IFERROR(__xludf.DUMMYFUNCTION("""COMPUTED_VALUE"""),"779f9d13") -> 779f9d13 | B50: =IFERROR(__xludf.DUMMYFUNCTION("""COMPUTED_VALUE"""),46037.86988425926) -> 46037.87 | C50: =IFERROR(__xludf.DUMMYFUNCTION("""COMPUTED_VALUE"""),"-6.899260, 107.641319") -> -6.899260, 107.641319 | D50: =IFERROR(__xludf.DUMMYFUNCTION("""COMPUTED_VALUE"""),"Sandi angga") -> Sandi angga | E50: =IFERROR(__xludf.DUMMYFUNCTION("""COMPUTED_VALUE"""),"BANDUNG") -> BANDUNG | F50: =IFERROR(__xludf.DUMMYFUNCTION("""COMPUTED_VALUE"""),"BANDUNG TIMUR") -> BANDUNG TIMUR | G50: =IFERROR(__xludf.DUMMYFUNCTION("""COMPUTED_VALUE"""),"KIARACONDONG") -> KIARACONDONG | H50: =IFERROR(__xludf.DUMMYFUNCTION("""COMPUTED_VALUE"""),"KPO") -> KPO | I50: =IFERROR(__xludf.DUMMYFUNCTION("""COMPUTED_VALUE"""),"RAT- REC. BKRB") -> RAT- REC. BKRB | J50: =IFERROR(__xludf.DUMMYFUNCTION("""COMPUTED_VALUE"""),"ZONA 2") -> ZONA 2 | K50: =IFERROR(__xludf.DUMMYFUNCTION("""COMPUTED_VALUE"""),"054") -> 054 | L50: =IFERROR(__xludf.DUMMYFUNCTION("""COMPUTED_VALUE"""),"TM - 11B/H (Kabel Naik)") -> TM - 11B/H (Kabel Naik) | M50: =IFERROR(__xludf.DUMMYFUNCTION("""COMPUTED_VALUE"""),"Tidak Ada") -> Tidak Ada | O50: =IFERROR(__xludf.DUMMYFUNCTION("""COMPUTED_VALUE"""),"PEMBANDING SEJENIS") -> PEMBANDING SEJENIS | P50: =IFERROR(__xludf.DUMMYFUNCTION("""COMPUTED_VALUE"""),"TERMINASI") -> TERMINASI | Q50: =IFERROR(__xludf.DUMMYFUNCTION("""COMPUTED_VALUE"""),24.0) -> 24 | R50: =IFERROR(__xludf.DUMMYFUNCTION("""COMPUTED_VALUE"""),23.0) -> 23 | S50: =IFERROR(__xludf.DUMMYFUNCTION("""COMPUTED_VALUE"""),24.0) -> 24 | U50: =IFERROR(__xludf.DUMMYFUNCTION("""COMPUTED_VALUE"""),"BAIK") -> BAIK | V50: =IFERROR(__xludf.DUMMYFUNCTION("""COMPUTED_VALUE"""),"Tidak Ada") -> Tidak Ada | AC50: =IFERROR(__xludf.DUMMYFUNCTION("""COMPUTED_VALUE"""),"INSPEKSI SUTM - T2_Images/779f9d13.FOTO.135449.jpg") -> INSPEKSI SUTM - T2_Images/779f9d13.FOTO.135449.jpg | AF50: =IFERROR(__xludf.DUMMYFUNCTION("""COMPUTED_VALUE"""),"BELUM") -> BELUM | AG50: =IFERROR(__xludf.DUMMYFUNCTION("""COMPUTED_VALUE"""),46037.0) -> 46037
A51: =IFERROR(__xludf.DUMMYFUNCTION("""COMPUTED_VALUE"""),"92ae31a6") -> 92ae31a6 | B51: =IFERROR(__xludf.DUMMYFUNCTION("""COMPUTED_VALUE"""),46037.87150462963) -> 46037.872 | C51: =IFERROR(__xludf.DUMMYFUNCTION("""COMPUTED_VALUE"""),"-6.899258, 107.641324") -> -6.899258, 107.641324 | D51: =IFERROR(__xludf.DUMMYFUNCTION("""COMPUTED_VALUE"""),"Sandi angga") -> Sandi angga | E51: =IFERROR(__xludf.DUMMYFUNCTION("""COMPUTED_VALUE"""),"BANDUNG") -> BANDUNG | F51: =IFERROR(__xludf.DUMMYFUNCTION("""COMPUTED_VALUE"""),"BANDUNG TIMUR") -> BANDUNG TIMUR | G51: =IFERROR(__xludf.DUMMYFUNCTION("""COMPUTED_VALUE"""),"KIARACONDONG") -> KIARACONDONG | H51: =IFERROR(__xludf.DUMMYFUNCTION("""COMPUTED_VALUE"""),"KPO") -> KPO | I51: =IFERROR(__xludf.DUMMYFUNCTION("""COMPUTED_VALUE"""),"RAT- REC. BKRB") -> RAT- REC. BKRB | J51: =IFERROR(__xludf.DUMMYFUNCTION("""COMPUTED_VALUE"""),"ZONA 2") -> ZONA 2 | K51: =IFERROR(__xludf.DUMMYFUNCTION("""COMPUTED_VALUE"""),"058") -> 058 | L51: =IFERROR(__xludf.DUMMYFUNCTION("""COMPUTED_VALUE"""),"TM - 8BC/HC (Percabangan dengan CO)") -> TM - 8BC/HC (Percabangan dengan CO) | M51: =IFERROR(__xludf.DUMMYFUNCTION("""COMPUTED_VALUE"""),"FCO") -> FCO | N51: =IFERROR(__xludf.DUMMYFUNCTION("""COMPUTED_VALUE"""),"Pchl") -> Pchl | O51: =IFERROR(__xludf.DUMMYFUNCTION("""COMPUTED_VALUE"""),"PEMBANDING SEJENIS") -> PEMBANDING SEJENIS | P51: =IFERROR(__xludf.DUMMYFUNCTION("""COMPUTED_VALUE"""),"FCO") -> FCO | Q51: =IFERROR(__xludf.DUMMYFUNCTION("""COMPUTED_VALUE"""),22.0) -> 22 | R51: =IFERROR(__xludf.DUMMYFUNCTION("""COMPUTED_VALUE"""),22.0) -> 22 | S51: =IFERROR(__xludf.DUMMYFUNCTION("""COMPUTED_VALUE"""),24.0) -> 24 | U51: =IFERROR(__xludf.DUMMYFUNCTION("""COMPUTED_VALUE"""),"BAIK") -> BAIK | V51: =IFERROR(__xludf.DUMMYFUNCTION("""COMPUTED_VALUE"""),"Tidak Ada") -> Tidak Ada | AC51: =IFERROR(__xludf.DUMMYFUNCTION("""COMPUTED_VALUE"""),"INSPEKSI SUTM - T2_Images/92ae31a6.FOTO.135619.jpg") -> INSPEKSI SUTM - T2_Images/92ae31a6.FOTO.135619.jpg | AF51: =IFERROR(__xludf.DUMMYFUNCTION("""COMPUTED_VALUE"""),"BELUM") -> BELUM | AG51: =IFERROR(__xludf.DUMMYFUNCTION("""COMPUTED_VALUE"""),46037.0) -> 46037
A52: =IFERROR(__xludf.DUMMYFUNCTION("""COMPUTED_VALUE"""),"4fdeaf2e") -> 4fdeaf2e | B52: =IFERROR(__xludf.DUMMYFUNCTION("""COMPUTED_VALUE"""),46037.8734375) -> 46037.873 | C52: =IFERROR(__xludf.DUMMYFUNCTION("""COMPUTED_VALUE"""),"-6.899259, 107.641320") -> -6.899259, 107.641320 | D52: =IFERROR(__xludf.DUMMYFUNCTION("""COMPUTED_VALUE"""),"Sandi angga") -> Sandi angga | E52: =IFERROR(__xludf.DUMMYFUNCTION("""COMPUTED_VALUE"""),"BANDUNG") -> BANDUNG | F52: =IFERROR(__xludf.DUMMYFUNCTION("""COMPUTED_VALUE"""),"BANDUNG TIMUR") -> BANDUNG TIMUR | G52: =IFERROR(__xludf.DUMMYFUNCTION("""COMPUTED_VALUE"""),"KIARACONDONG") -> KIARACONDONG | H52: =IFERROR(__xludf.DUMMYFUNCTION("""COMPUTED_VALUE"""),"KPO") -> KPO | I52: =IFERROR(__xludf.DUMMYFUNCTION("""COMPUTED_VALUE"""),"RAT- REC. BKRB") -> RAT- REC. BKRB | J52: =IFERROR(__xludf.DUMMYFUNCTION("""COMPUTED_VALUE"""),"ZONA 2") -> ZONA 2 | K52: =IFERROR(__xludf.DUMMYFUNCTION("""COMPUTED_VALUE"""),"058R010") -> 058R010 | L52: =IFERROR(__xludf.DUMMYFUNCTION("""COMPUTED_VALUE"""),"TM - 7B/H (Afspan 90 Derajat)") -> TM - 7B/H (Afspan 90 Derajat) | M52: =IFERROR(__xludf.DUMMYFUNCTION("""COMPUTED_VALUE"""),"Tidak Ada") -> Tidak Ada | O52: =IFERROR(__xludf.DUMMYFUNCTION("""COMPUTED_VALUE"""),"PEMBANDING SEJENIS") -> PEMBANDING SEJENIS | P52: =IFERROR(__xludf.DUMMYFUNCTION("""COMPUTED_VALUE"""),"KONEKTOR/JUMPER") -> KONEKTOR/JUMPER | Q52: =IFERROR(__xludf.DUMMYFUNCTION("""COMPUTED_VALUE"""),22.0) -> 22 | R52: =IFERROR(__xludf.DUMMYFUNCTION("""COMPUTED_VALUE"""),24.0) -> 24 | S52: =IFERROR(__xludf.DUMMYFUNCTION("""COMPUTED_VALUE"""),23.0) -> 23 | U52: =IFERROR(__xludf.DUMMYFUNCTION("""COMPUTED_VALUE"""),"BAIK") -> BAIK | V52: =IFERROR(__xludf.DUMMYFUNCTION("""COMPUTED_VALUE"""),"Tidak Ada") -> Tidak Ada | AC52: =IFERROR(__xludf.DUMMYFUNCTION("""COMPUTED_VALUE"""),"INSPEKSI SUTM - T2_Images/4fdeaf2e.FOTO.135837.jpg") -> INSPEKSI SUTM - T2_Images/4fdeaf2e.FOTO.135837.jpg | AF52: =IFERROR(__xludf.DUMMYFUNCTION("""COMPUTED_VALUE"""),"BELUM") -> BELUM | AG52: =IFERROR(__xludf.DUMMYFUNCTION("""COMPUTED_VALUE"""),46037.0) -> 46037
A53: =IFERROR(__xludf.DUMMYFUNCTION("""COMPUTED_VALUE"""),"5dedd15a") -> 5dedd15a | B53: =IFERROR(__xludf.DUMMYFUNCTION("""COMPUTED_VALUE"""),46037.87399305555) -> 46037.874 | C53: =IFERROR(__xludf.DUMMYFUNCTION("""COMPUTED_VALUE"""),"-6.899252, 107.641322") -> -6.899252, 107.641322 | D53: =IFERROR(__xludf.DUMMYFUNCTION("""COMPUTED_VALUE"""),"Sandi angga") -> Sandi angga | E53: =IFERROR(__xludf.DUMMYFUNCTION("""COMPUTED_VALUE"""),"BANDUNG") -> BANDUNG | F53: =IFERROR(__xludf.DUMMYFUNCTION("""COMPUTED_VALUE"""),"BANDUNG TIMUR") -> BANDUNG TIMUR | G53: =IFERROR(__xludf.DUMMYFUNCTION("""COMPUTED_VALUE"""),"KIARACONDONG") -> KIARACONDONG | H53: =IFERROR(__xludf.DUMMYFUNCTION("""COMPUTED_VALUE"""),"KPO") -> KPO | I53: =IFERROR(__xludf.DUMMYFUNCTION("""COMPUTED_VALUE"""),"RAT- REC. BKRB") -> RAT- REC. BKRB | J53: =IFERROR(__xludf.DUMMYFUNCTION("""COMPUTED_VALUE"""),"ZONA 2") -> ZONA 2 | K53: =IFERROR(__xludf.DUMMYFUNCTION("""COMPUTED_VALUE"""),"058R013") -> 058R013 | L53: =IFERROR(__xludf.DUMMYFUNCTION("""COMPUTED_VALUE"""),"TM - 7B/H (Afspan 90 Derajat)") -> TM - 7B/H (Afspan 90 Derajat) | M53: =IFERROR(__xludf.DUMMYFUNCTION("""COMPUTED_VALUE"""),"Tidak Ada") -> Tidak Ada | O53: =IFERROR(__xludf.DUMMYFUNCTION("""COMPUTED_VALUE"""),"PEMBANDING SEJENIS") -> PEMBANDING SEJENIS | P53: =IFERROR(__xludf.DUMMYFUNCTION("""COMPUTED_VALUE"""),"KONEKTOR/JUMPER") -> KONEKTOR/JUMPER | Q53: =IFERROR(__xludf.DUMMYFUNCTION("""COMPUTED_VALUE"""),23.0) -> 23 | R53: =IFERROR(__xludf.DUMMYFUNCTION("""COMPUTED_VALUE"""),24.0) -> 24 | S53: =IFERROR(__xludf.DUMMYFUNCTION("""COMPUTED_VALUE"""),23.0) -> 23 | U53: =IFERROR(__xludf.DUMMYFUNCTION("""COMPUTED_VALUE"""),"BAIK") -> BAIK | V53: =IFERROR(__xludf.DUMMYFUNCTION("""COMPUTED_VALUE"""),"Tidak Ada") -> Tidak Ada | AC53: =IFERROR(__xludf.DUMMYFUNCTION("""COMPUTED_VALUE"""),"INSPEKSI SUTM - T2_Images/5dedd15a.FOTO.135932.jpg") -> INSPEKSI SUTM - T2_Images/5dedd15a.FOTO.135932.jpg | AF53: =IFERROR(__xludf.DUMMYFUNCTION("""COMPUTED_VALUE"""),"BELUM") -> BELUM | AG53: =IFERROR(__xludf.DUMMYFUNCTION("""COMPUTED_VALUE"""),46037.0) -> 46037
A54: =IFERROR(__xludf.DUMMYFUNCTION("""COMPUTED_VALUE"""),"083ba75e") -> 083ba75e | B54: =IFERROR(__xludf.DUMMYFUNCTION("""COMPUTED_VALUE"""),46037.8752662037) -> 46037.875 | C54: =IFERROR(__xludf.DUMMYFUNCTION("""COMPUTED_VALUE"""),"-6.899244, 107.641308") -> -6.899244, 107.641308 | D54: =IFERROR(__xludf.DUMMYFUNCTION("""COMPUTED_VALUE"""),"Sandi angga") -> Sandi angga | E54: =IFERROR(__xludf.DUMMYFUNCTION("""COMPUTED_VALUE"""),"BANDUNG") -> BANDUNG | F54: =IFERROR(__xludf.DUMMYFUNCTION("""COMPUTED_VALUE"""),"BANDUNG TIMUR") -> BANDUNG TIMUR | G54: =IFERROR(__xludf.DUMMYFUNCTION("""COMPUTED_VALUE"""),"KIARACONDONG") -> KIARACONDONG | H54: =IFERROR(__xludf.DUMMYFUNCTION("""COMPUTED_VALUE"""),"KPO") -> KPO | I54: =IFERROR(__xludf.DUMMYFUNCTION("""COMPUTED_VALUE"""),"RAT- REC. BKRB") -> RAT- REC. BKRB | J54: =IFERROR(__xludf.DUMMYFUNCTION("""COMPUTED_VALUE"""),"ZONA 2") -> ZONA 2 | K54: =IFERROR(__xludf.DUMMYFUNCTION("""COMPUTED_VALUE"""),"058R016") -> 058R016 | L54: =IFERROR(__xludf.DUMMYFUNCTION("""COMPUTED_VALUE"""),"TM - 4B/H (Afspan)") -> TM - 4B/H (Afspan) | M54: =IFERROR(__xludf.DUMMYFUNCTION("""COMPUTED_VALUE"""),"Gardu") -> Gardu | N54: =IFERROR(__xludf.DUMMYFUNCTION("""COMPUTED_VALUE"""),"PCHL") -> PCHL | O54: =IFERROR(__xludf.DUMMYFUNCTION("""COMPUTED_VALUE"""),"PEMBANDING SEJENIS") -> PEMBANDING SEJENIS | P54: =IFERROR(__xludf.DUMMYFUNCTION("""COMPUTED_VALUE"""),"KONEKTOR/JUMPER") -> KONEKTOR/JUMPER | Q54: =IFERROR(__xludf.DUMMYFUNCTION("""COMPUTED_VALUE"""),21.0) -> 21 | R54: =IFERROR(__xludf.DUMMYFUNCTION("""COMPUTED_VALUE"""),21.0) -> 21 | S54: =IFERROR(__xludf.DUMMYFUNCTION("""COMPUTED_VALUE"""),20.0) -> 20 | U54: =IFERROR(__xludf.DUMMYFUNCTION("""COMPUTED_VALUE"""),"BAIK") -> BAIK | V54: =IFERROR(__xludf.DUMMYFUNCTION("""COMPUTED_VALUE"""),"Tidak Ada") -> Tidak Ada | AC54: =IFERROR(__xludf.DUMMYFUNCTION("""COMPUTED_VALUE"""),"INSPEKSI SUTM - T2_Images/083ba75e.FOTO.140140.jpg") -> INSPEKSI SUTM - T2_Images/083ba75e.FOTO.140140.jpg | AF54: =IFERROR(__xludf.DUMMYFUNCTION("""COMPUTED_VALUE"""),"BELUM") -> BELUM | AG54: =IFERROR(__xludf.DUMMYFUNCTION("""COMPUTED_VALUE"""),46037.0) -> 46037
A55: =IFERROR(__xludf.DUMMYFUNCTION("""COMPUTED_VALUE"""),"8cc759e1") -> 8cc759e1 | B55: =IFERROR(__xludf.DUMMYFUNCTION("""COMPUTED_VALUE"""),46037.87627314815) -> 46037.876 | C55: =IFERROR(__xludf.DUMMYFUNCTION("""COMPUTED_VALUE"""),"-6.899247, 107.641308") -> -6.899247, 107.641308 | D55: =IFERROR(__xludf.DUMMYFUNCTION("""COMPUTED_VALUE"""),"Sandi angga") -> Sandi angga | E55: =IFERROR(__xludf.DUMMYFUNCTION("""COMPUTED_VALUE"""),"BANDUNG") -> BANDUNG | F55: =IFERROR(__xludf.DUMMYFUNCTION("""COMPUTED_VALUE"""),"BANDUNG TIMUR") -> BANDUNG TIMUR | G55: =IFERROR(__xludf.DUMMYFUNCTION("""COMPUTED_VALUE"""),"KIARACONDONG") -> KIARACONDONG | H55: =IFERROR(__xludf.DUMMYFUNCTION("""COMPUTED_VALUE"""),"KPO") -> KPO | I55: =IFERROR(__xludf.DUMMYFUNCTION("""COMPUTED_VALUE"""),"RAT- REC. BKRB") -> RAT- REC. BKRB | J55: =IFERROR(__xludf.DUMMYFUNCTION("""COMPUTED_VALUE"""),"ZONA 2") -> ZONA 2 | K55: =IFERROR(__xludf.DUMMYFUNCTION("""COMPUTED_VALUE"""),"060") -> 060 | L55: =IFERROR(__xludf.DUMMYFUNCTION("""COMPUTED_VALUE"""),"TM - 16B/H (REC/SSO/LBS)") -> TM - 16B/H (REC/SSO/LBS) | M55: =IFERROR(__xludf.DUMMYFUNCTION("""COMPUTED_VALUE"""),"REC") -> REC | N55: =IFERROR(__xludf.DUMMYFUNCTION("""COMPUTED_VALUE"""),"BKRB") -> BKRB | O55: =IFERROR(__xludf.DUMMYFUNCTION("""COMPUTED_VALUE"""),"PEMBANDING SEJENIS") -> PEMBANDING SEJENIS | P55: =IFERROR(__xludf.DUMMYFUNCTION("""COMPUTED_VALUE"""),"KONEKTOR/JUMPER") -> KONEKTOR/JUMPER | Q55: =IFERROR(__xludf.DUMMYFUNCTION("""COMPUTED_VALUE"""),21.0) -> 21 | R55: =IFERROR(__xludf.DUMMYFUNCTION("""COMPUTED_VALUE"""),21.0) -> 21 | S55: =IFERROR(__xludf.DUMMYFUNCTION("""COMPUTED_VALUE"""),20.0) -> 20 | U55: =IFERROR(__xludf.DUMMYFUNCTION("""COMPUTED_VALUE"""),"BAIK") -> BAIK | V55: =IFERROR(__xludf.DUMMYFUNCTION("""COMPUTED_VALUE"""),"Tidak Ada") -> Tidak Ada | AC55: =IFERROR(__xludf.DUMMYFUNCTION("""COMPUTED_VALUE"""),"INSPEKSI SUTM - T2_Images/8cc759e1.FOTO.140310.jpg") -> INSPEKSI SUTM - T2_Images/8cc759e1.FOTO.140310.jpg | AF55: =IFERROR(__xludf.DUMMYFUNCTION("""COMPUTED_VALUE"""),"BELUM") -> BELUM | AG55: =IFERROR(__xludf.DUMMYFUNCTION("""COMPUTED_VALUE"""),46037.0) -> 46037
A56: =IFERROR(__xludf.DUMMYFUNCTION("""COMPUTED_VALUE"""),"9c36c224") -> 9c36c224 | B56: =IFERROR(__xludf.DUMMYFUNCTION("""COMPUTED_VALUE"""),46037.87755787037) -> 46037.878 | C56: =IFERROR(__xludf.DUMMYFUNCTION("""COMPUTED_VALUE"""),"-6.899237, 107.641307") -> -6.899237, 107.641307 | D56: =IFERROR(__xludf.DUMMYFUNCTION("""COMPUTED_VALUE"""),"Sandi angga") -> Sandi angga | E56: =IFERROR(__xludf.DUMMYFUNCTION("""COMPUTED_VALUE"""),"BANDUNG") -> BANDUNG | F56: =IFERROR(__xludf.DUMMYFUNCTION("""COMPUTED_VALUE"""),"BANDUNG TIMUR") -> BANDUNG TIMUR | G56: =IFERROR(__xludf.DUMMYFUNCTION("""COMPUTED_VALUE"""),"KIARACONDONG") -> KIARACONDONG | H56: =IFERROR(__xludf.DUMMYFUNCTION("""COMPUTED_VALUE"""),"KPO") -> KPO | I56: =IFERROR(__xludf.DUMMYFUNCTION("""COMPUTED_VALUE"""),"REC. BKRB-BGC") -> REC. BKRB-BGC | J56: =IFERROR(__xludf.DUMMYFUNCTION("""COMPUTED_VALUE"""),"ZONA 2") -> ZONA 2 | K56: =IFERROR(__xludf.DUMMYFUNCTION("""COMPUTED_VALUE"""),"062") -> 062 | L56: =IFERROR(__xludf.DUMMYFUNCTION("""COMPUTED_VALUE"""),"TM - 1B/H (Tumpu)") -> TM - 1B/H (Tumpu) | M56: =IFERROR(__xludf.DUMMYFUNCTION("""COMPUTED_VALUE"""),"Tidak Ada") -> Tidak Ada | O56: =IFERROR(__xludf.DUMMYFUNCTION("""COMPUTED_VALUE"""),"PEMBANDING SEJENIS") -> PEMBANDING SEJENIS | P56: =IFERROR(__xludf.DUMMYFUNCTION("""COMPUTED_VALUE"""),"ARRESTER") -> ARRESTER | Q56: =IFERROR(__xludf.DUMMYFUNCTION("""COMPUTED_VALUE"""),23.0) -> 23 | R56: =IFERROR(__xludf.DUMMYFUNCTION("""COMPUTED_VALUE"""),23.0) -> 23 | S56: =IFERROR(__xludf.DUMMYFUNCTION("""COMPUTED_VALUE"""),23.0) -> 23 | U56: =IFERROR(__xludf.DUMMYFUNCTION("""COMPUTED_VALUE"""),"BAIK") -> BAIK | V56: =IFERROR(__xludf.DUMMYFUNCTION("""COMPUTED_VALUE"""),"Tidak Ada") -> Tidak Ada | AC56: =IFERROR(__xludf.DUMMYFUNCTION("""COMPUTED_VALUE"""),"INSPEKSI SUTM - T2_Images/9c36c224.FOTO.140434.jpg") -> INSPEKSI SUTM - T2_Images/9c36c224.FOTO.140434.jpg | AF56: =IFERROR(__xludf.DUMMYFUNCTION("""COMPUTED_VALUE"""),"BELUM") -> BELUM | AG56: =IFERROR(__xludf.DUMMYFUNCTION("""COMPUTED_VALUE"""),46037.0) -> 46037
A57: =IFERROR(__xludf.DUMMYFUNCTION("""COMPUTED_VALUE"""),"34864be3") -> 34864be3 | B57: =IFERROR(__xludf.DUMMYFUNCTION("""COMPUTED_VALUE"""),46037.878275462965) -> 46037.878 | C57: =IFERROR(__xludf.DUMMYFUNCTION("""COMPUTED_VALUE"""),"-6.899232, 107.641304") -> -6.899232, 107.641304 | D57: =IFERROR(__xludf.DUMMYFUNCTION("""COMPUTED_VALUE"""),"Sandi angga") -> Sandi angga | E57: =IFERROR(__xludf.DUMMYFUNCTION("""COMPUTED_VALUE"""),"BANDUNG") -> BANDUNG | F57: =IFERROR(__xludf.DUMMYFUNCTION("""COMPUTED_VALUE"""),"BANDUNG TIMUR") -> BANDUNG TIMUR | G57: =IFERROR(__xludf.DUMMYFUNCTION("""COMPUTED_VALUE"""),"KIARACONDONG") -> KIARACONDONG | H57: =IFERROR(__xludf.DUMMYFUNCTION("""COMPUTED_VALUE"""),"KPO") -> KPO | I57: =IFERROR(__xludf.DUMMYFUNCTION("""COMPUTED_VALUE"""),"REC. BKRB-BGC") -> REC. BKRB-BGC | J57: =IFERROR(__xludf.DUMMYFUNCTION("""COMPUTED_VALUE"""),"ZONA 2") -> ZONA 2 | K57: =IFERROR(__xludf.DUMMYFUNCTION("""COMPUTED_VALUE"""),"070") -> 070 | L57: =IFERROR(__xludf.DUMMYFUNCTION("""COMPUTED_VALUE"""),"TM - 13B/H (Kabel Naik Pada Tiang Tumpu)") -> TM - 13B/H (Kabel Naik Pada Tiang Tumpu) | M57: =IFERROR(__xludf.DUMMYFUNCTION("""COMPUTED_VALUE"""),"Gardu") -> Gardu | N57: =IFERROR(__xludf.DUMMYFUNCTION("""COMPUTED_VALUE"""),"BKRA") -> BKRA | O57: =IFERROR(__xludf.DUMMYFUNCTION("""COMPUTED_VALUE"""),"PEMBANDING SEJENIS") -> PEMBANDING SEJENIS | P57: =IFERROR(__xludf.DUMMYFUNCTION("""COMPUTED_VALUE"""),"TERMINASI") -> TERMINASI | Q57: =IFERROR(__xludf.DUMMYFUNCTION("""COMPUTED_VALUE"""),18.0) -> 18 | R57: =IFERROR(__xludf.DUMMYFUNCTION("""COMPUTED_VALUE"""),20.0) -> 20 | S57: =IFERROR(__xludf.DUMMYFUNCTION("""COMPUTED_VALUE"""),21.0) -> 21 | U57: =IFERROR(__xludf.DUMMYFUNCTION("""COMPUTED_VALUE"""),"CUKUP") -> CUKUP | V57: =IFERROR(__xludf.DUMMYFUNCTION("""COMPUTED_VALUE"""),"Tidak Ada") -> Tidak Ada | AC57: =IFERROR(__xludf.DUMMYFUNCTION("""COMPUTED_VALUE"""),"INSPEKSI SUTM - T2_Images/34864be3.FOTO.140541.jpg") -> INSPEKSI SUTM - T2_Images/34864be3.FOTO.140541.jpg | AF57: =IFERROR(__xludf.DUMMYFUNCTION("""COMPUTED_VALUE"""),"BELUM") -> BELUM | AG57: =IFERROR(__xludf.DUMMYFUNCTION("""COMPUTED_VALUE"""),46037.0) -> 46037
A58: =IFERROR(__xludf.DUMMYFUNCTION("""COMPUTED_VALUE"""),"0d37c858") -> 0d37c858 | B58: =IFERROR(__xludf.DUMMYFUNCTION("""COMPUTED_VALUE"""),46037.879016203704) -> 46037.879 | C58: =IFERROR(__xludf.DUMMYFUNCTION("""COMPUTED_VALUE"""),"-6.899241, 107.641310") -> -6.899241, 107.641310 | D58: =IFERROR(__xludf.DUMMYFUNCTION("""COMPUTED_VALUE"""),"Sandi angga") -> Sandi angga | E58: =IFERROR(__xludf.DUMMYFUNCTION("""COMPUTED_VALUE"""),"BANDUNG") -> BANDUNG | F58: =IFERROR(__xludf.DUMMYFUNCTION("""COMPUTED_VALUE"""),"BANDUNG TIMUR") -> BANDUNG TIMUR | G58: =IFERROR(__xludf.DUMMYFUNCTION("""COMPUTED_VALUE"""),"KIARACONDONG") -> KIARACONDONG | H58: =IFERROR(__xludf.DUMMYFUNCTION("""COMPUTED_VALUE"""),"KPO") -> KPO | I58: =IFERROR(__xludf.DUMMYFUNCTION("""COMPUTED_VALUE"""),"REC. BKRB-BGC") -> REC. BKRB-BGC | J58: =IFERROR(__xludf.DUMMYFUNCTION("""COMPUTED_VALUE"""),"ZONA 2") -> ZONA 2 | K58: =IFERROR(__xludf.DUMMYFUNCTION("""COMPUTED_VALUE"""),"070L01") -> 070L01 | L58: =IFERROR(__xludf.DUMMYFUNCTION("""COMPUTED_VALUE"""),"TM - 13B/H (Kabel Naik Pada Tiang Tumpu)") -> TM - 13B/H (Kabel Naik Pada Tiang Tumpu) | M58: =IFERROR(__xludf.DUMMYFUNCTION("""COMPUTED_VALUE"""),"Gardu") -> Gardu | N58: =IFERROR(__xludf.DUMMYFUNCTION("""COMPUTED_VALUE"""),"YZT") -> YZT | O58: =IFERROR(__xludf.DUMMYFUNCTION("""COMPUTED_VALUE"""),"PEMBANDING SEJENIS") -> PEMBANDING SEJENIS | P58: =IFERROR(__xludf.DUMMYFUNCTION("""COMPUTED_VALUE"""),"TERMINASI") -> TERMINASI | Q58: =IFERROR(__xludf.DUMMYFUNCTION("""COMPUTED_VALUE"""),22.0) -> 22 | R58: =IFERROR(__xludf.DUMMYFUNCTION("""COMPUTED_VALUE"""),19.0) -> 19 | S58: =IFERROR(__xludf.DUMMYFUNCTION("""COMPUTED_VALUE"""),21.0) -> 21 | U58: =IFERROR(__xludf.DUMMYFUNCTION("""COMPUTED_VALUE"""),"CUKUP") -> CUKUP | V58: =IFERROR(__xludf.DUMMYFUNCTION("""COMPUTED_VALUE"""),"Tidak Ada") -> Tidak Ada | AC58: =IFERROR(__xludf.DUMMYFUNCTION("""COMPUTED_VALUE"""),"INSPEKSI SUTM - T2_Images/0d37c858.FOTO.140636.jpg") -> INSPEKSI SUTM - T2_Images/0d37c858.FOTO.140636.jpg | AF58: =IFERROR(__xludf.DUMMYFUNCTION("""COMPUTED_VALUE"""),"BELUM") -> BELUM | AG58: =IFERROR(__xludf.DUMMYFUNCTION("""COMPUTED_VALUE"""),46037.0) -> 46037
A59: =IFERROR(__xludf.DUMMYFUNCTION("""COMPUTED_VALUE"""),"da627fdd") -> da627fdd | B59: =IFERROR(__xludf.DUMMYFUNCTION("""COMPUTED_VALUE"""),46037.87966435185) -> 46037.88 | C59: =IFERROR(__xludf.DUMMYFUNCTION("""COMPUTED_VALUE"""),"-6.899245, 107.641321") -> -6.899245, 107.641321 | D59: =IFERROR(__xludf.DUMMYFUNCTION("""COMPUTED_VALUE"""),"Sandi angga") -> Sandi angga | E59: =IFERROR(__xludf.DUMMYFUNCTION("""COMPUTED_VALUE"""),"BANDUNG") -> BANDUNG | F59: =IFERROR(__xludf.DUMMYFUNCTION("""COMPUTED_VALUE"""),"BANDUNG TIMUR") -> BANDUNG TIMUR | G59: =IFERROR(__xludf.DUMMYFUNCTION("""COMPUTED_VALUE"""),"KIARACONDONG") -> KIARACONDONG | H59: =IFERROR(__xludf.DUMMYFUNCTION("""COMPUTED_VALUE"""),"KPO") -> KPO | I59: =IFERROR(__xludf.DUMMYFUNCTION("""COMPUTED_VALUE"""),"REC. BKRB-BGC") -> REC. BKRB-BGC | J59: =IFERROR(__xludf.DUMMYFUNCTION("""COMPUTED_VALUE"""),"ZONA 2") -> ZONA 2 | K59: =IFERROR(__xludf.DUMMYFUNCTION("""COMPUTED_VALUE"""),"073") -> 073 | L59: =IFERROR(__xludf.DUMMYFUNCTION("""COMPUTED_VALUE"""),"TM - 4B/H (Afspan)") -> TM - 4B/H (Afspan) | M59: =IFERROR(__xludf.DUMMYFUNCTION("""COMPUTED_VALUE"""),"Tidak Ada") -> Tidak Ada | O59: =IFERROR(__xludf.DUMMYFUNCTION("""COMPUTED_VALUE"""),"PEMBANDING SEJENIS") -> PEMBANDING SEJENIS | P59: =IFERROR(__xludf.DUMMYFUNCTION("""COMPUTED_VALUE"""),"KONEKTOR/JUMPER") -> KONEKTOR/JUMPER | Q59: =IFERROR(__xludf.DUMMYFUNCTION("""COMPUTED_VALUE"""),22.0) -> 22 | R59: =IFERROR(__xludf.DUMMYFUNCTION("""COMPUTED_VALUE"""),21.0) -> 21 | S59: =IFERROR(__xludf.DUMMYFUNCTION("""COMPUTED_VALUE"""),22.0) -> 22 | U59: =IFERROR(__xludf.DUMMYFUNCTION("""COMPUTED_VALUE"""),"BAIK") -> BAIK | V59: =IFERROR(__xludf.DUMMYFUNCTION("""COMPUTED_VALUE"""),"Tidak Ada") -> Tidak Ada | AC59: =IFERROR(__xludf.DUMMYFUNCTION("""COMPUTED_VALUE"""),"INSPEKSI SUTM - T2_Images/da627fdd.FOTO.140736.jpg") -> INSPEKSI SUTM - T2_Images/da627fdd.FOTO.140736.jpg | AF59: =IFERROR(__xludf.DUMMYFUNCTION("""COMPUTED_VALUE"""),"BELUM") -> BELUM | AG59: =IFERROR(__xludf.DUMMYFUNCTION("""COMPUTED_VALUE"""),46037.0) -> 46037
A60: =IFERROR(__xludf.DUMMYFUNCTION("""COMPUTED_VALUE"""),"01e18fc1") -> 01e18fc1 | B60: =IFERROR(__xludf.DUMMYFUNCTION("""COMPUTED_VALUE"""),46037.88049768518) -> 46037.88 | C60: =IFERROR(__xludf.DUMMYFUNCTION("""COMPUTED_VALUE"""),"-6.899245, 107.641326") -> -6.899245, 107.641326 | D60: =IFERROR(__xludf.DUMMYFUNCTION("""COMPUTED_VALUE"""),"Sandi angga") -> Sandi angga | E60: =IFERROR(__xludf.DUMMYFUNCTION("""COMPUTED_VALUE"""),"BANDUNG") -> BANDUNG | F60: =IFERROR(__xludf.DUMMYFUNCTION("""COMPUTED_VALUE"""),"BANDUNG TIMUR") -> BANDUNG TIMUR | G60: =IFERROR(__xludf.DUMMYFUNCTION("""COMPUTED_VALUE"""),"KIARACONDONG") -> KIARACONDONG | H60: =IFERROR(__xludf.DUMMYFUNCTION("""COMPUTED_VALUE"""),"KPO") -> KPO | I60: =IFERROR(__xludf.DUMMYFUNCTION("""COMPUTED_VALUE"""),"REC. BKRB-BGC") -> REC. BKRB-BGC | J60: =IFERROR(__xludf.DUMMYFUNCTION("""COMPUTED_VALUE"""),"ZONA 2") -> ZONA 2 | K60: =IFERROR(__xludf.DUMMYFUNCTION("""COMPUTED_VALUE"""),"076") -> 076 | L60: =IFERROR(__xludf.DUMMYFUNCTION("""COMPUTED_VALUE"""),"TM - 8B/H (Percabangan)") -> TM - 8B/H (Percabangan) | M60: =IFERROR(__xludf.DUMMYFUNCTION("""COMPUTED_VALUE"""),"Tidak Ada") -> Tidak Ada | O60: =IFERROR(__xludf.DUMMYFUNCTION("""COMPUTED_VALUE"""),"PEMBANDING SEJENIS") -> PEMBANDING SEJENIS | P60: =IFERROR(__xludf.DUMMYFUNCTION("""COMPUTED_VALUE"""),"KONEKTOR/JUMPER") -> KONEKTOR/JUMPER | Q60: =IFERROR(__xludf.DUMMYFUNCTION("""COMPUTED_VALUE"""),23.0) -> 23 | R60: =IFERROR(__xludf.DUMMYFUNCTION("""COMPUTED_VALUE"""),22.0) -> 22 | S60: =IFERROR(__xludf.DUMMYFUNCTION("""COMPUTED_VALUE"""),23.0) -> 23 | U60: =IFERROR(__xludf.DUMMYFUNCTION("""COMPUTED_VALUE"""),"BAIK") -> BAIK | V60: =IFERROR(__xludf.DUMMYFUNCTION("""COMPUTED_VALUE"""),"Tidak Ada") -> Tidak Ada | AC60: =IFERROR(__xludf.DUMMYFUNCTION("""COMPUTED_VALUE"""),"INSPEKSI SUTM - T2_Images/01e18fc1.FOTO.140839.jpg") -> INSPEKSI SUTM - T2_Images/01e18fc1.FOTO.140839.jpg | AF60: =IFERROR(__xludf.DUMMYFUNCTION("""COMPUTED_VALUE"""),"BELUM") -> BELUM | AG60: =IFERROR(__xludf.DUMMYFUNCTION("""COMPUTED_VALUE"""),46037.0) -> 46037
A61: =IFERROR(__xludf.DUMMYFUNCTION("""COMPUTED_VALUE"""),"c34f4e3b") -> c34f4e3b | B61: =IFERROR(__xludf.DUMMYFUNCTION("""COMPUTED_VALUE"""),46037.881574074076) -> 46037.882 | C61: =IFERROR(__xludf.DUMMYFUNCTION("""COMPUTED_VALUE"""),"-6.890200, 107.633373") -> -6.890200, 107.633373 | D61: =IFERROR(__xludf.DUMMYFUNCTION("""COMPUTED_VALUE"""),"Sandi angga") -> Sandi angga | E61: =IFERROR(__xludf.DUMMYFUNCTION("""COMPUTED_VALUE"""),"BANDUNG") -> BANDUNG | F61: =IFERROR(__xludf.DUMMYFUNCTION("""COMPUTED_VALUE"""),"BANDUNG TIMUR") -> BANDUNG TIMUR | G61: =IFERROR(__xludf.DUMMYFUNCTION("""COMPUTED_VALUE"""),"KIARACONDONG") -> KIARACONDONG | H61: =IFERROR(__xludf.DUMMYFUNCTION("""COMPUTED_VALUE"""),"KPO") -> KPO | I61: =IFERROR(__xludf.DUMMYFUNCTION("""COMPUTED_VALUE"""),"REC. BKRB-BGC") -> REC. BKRB-BGC | J61: =IFERROR(__xludf.DUMMYFUNCTION("""COMPUTED_VALUE"""),"ZONA 2") -> ZONA 2 | K61: =IFERROR(__xludf.DUMMYFUNCTION("""COMPUTED_VALUE"""),"076L01") -> 076L01 | L61: =IFERROR(__xludf.DUMMYFUNCTION("""COMPUTED_VALUE"""),"TM - 4B/H (Afspan)") -> TM - 4B/H (Afspan) | M61: =IFERROR(__xludf.DUMMYFUNCTION("""COMPUTED_VALUE"""),"Gardu") -> Gardu | N61: =IFERROR(__xludf.DUMMYFUNCTION("""COMPUTED_VALUE"""),"PAR") -> PAR | O61: =IFERROR(__xludf.DUMMYFUNCTION("""COMPUTED_VALUE"""),"PEMBANDING SEJENIS") -> PEMBANDING SEJENIS | P61: =IFERROR(__xludf.DUMMYFUNCTION("""COMPUTED_VALUE"""),"KONEKTOR/JUMPER") -> KONEKTOR/JUMPER | Q61: =IFERROR(__xludf.DUMMYFUNCTION("""COMPUTED_VALUE"""),21.0) -> 21 | R61: =IFERROR(__xludf.DUMMYFUNCTION("""COMPUTED_VALUE"""),21.0) -> 21 | S61: =IFERROR(__xludf.DUMMYFUNCTION("""COMPUTED_VALUE"""),21.0) -> 21 | U61: =IFERROR(__xludf.DUMMYFUNCTION("""COMPUTED_VALUE"""),"BAIK") -> BAIK | V61: =IFERROR(__xludf.DUMMYFUNCTION("""COMPUTED_VALUE"""),"Tidak Ada") -> Tidak Ada | AC61: =IFERROR(__xludf.DUMMYFUNCTION("""COMPUTED_VALUE"""),"INSPEKSI SUTM - T2_Images/c34f4e3b.FOTO.141014.jpg") -> INSPEKSI SUTM - T2_Images/c34f4e3b.FOTO.141014.jpg | AF61: =IFERROR(__xludf.DUMMYFUNCTION("""COMPUTED_VALUE"""),"BELUM") -> BELUM | AG61: =IFERROR(__xludf.DUMMYFUNCTION("""COMPUTED_VALUE"""),46037.0) -> 46037
A62: =IFERROR(__xludf.DUMMYFUNCTION("""COMPUTED_VALUE"""),"18da6211") -> 18da6211 | B62: =IFERROR(__xludf.DUMMYFUNCTION("""COMPUTED_VALUE"""),46037.88267361111) -> 46037.883 | C62: =IFERROR(__xludf.DUMMYFUNCTION("""COMPUTED_VALUE"""),"-6.890097, 107.633379") -> -6.890097, 107.633379 | D62: =IFERROR(__xludf.DUMMYFUNCTION("""COMPUTED_VALUE"""),"Sandi angga") -> Sandi angga | E62: =IFERROR(__xludf.DUMMYFUNCTION("""COMPUTED_VALUE"""),"BANDUNG") -> BANDUNG | F62: =IFERROR(__xludf.DUMMYFUNCTION("""COMPUTED_VALUE"""),"BANDUNG TIMUR") -> BANDUNG TIMUR | G62: =IFERROR(__xludf.DUMMYFUNCTION("""COMPUTED_VALUE"""),"KIARACONDONG") -> KIARACONDONG | H62: =IFERROR(__xludf.DUMMYFUNCTION("""COMPUTED_VALUE"""),"KPO") -> KPO | I62: =IFERROR(__xludf.DUMMYFUNCTION("""COMPUTED_VALUE"""),"REC. BKRB-BGC") -> REC. BKRB-BGC | J62: =IFERROR(__xludf.DUMMYFUNCTION("""COMPUTED_VALUE"""),"ZONA 2") -> ZONA 2 | K62: =IFERROR(__xludf.DUMMYFUNCTION("""COMPUTED_VALUE"""),"078") -> 078 | L62: =IFERROR(__xludf.DUMMYFUNCTION("""COMPUTED_VALUE"""),"TM - 4B/H (Afspan)") -> TM - 4B/H (Afspan) | M62: =IFERROR(__xludf.DUMMYFUNCTION("""COMPUTED_VALUE"""),"Tidak Ada") -> Tidak Ada | O62: =IFERROR(__xludf.DUMMYFUNCTION("""COMPUTED_VALUE"""),"PEMBANDING SEJENIS") -> PEMBANDING SEJENIS | P62: =IFERROR(__xludf.DUMMYFUNCTION("""COMPUTED_VALUE"""),"KONEKTOR/JUMPER") -> KONEKTOR/JUMPER | Q62: =IFERROR(__xludf.DUMMYFUNCTION("""COMPUTED_VALUE"""),22.0) -> 22 | R62: =IFERROR(__xludf.DUMMYFUNCTION("""COMPUTED_VALUE"""),22.0) -> 22 | S62: =IFERROR(__xludf.DUMMYFUNCTION("""COMPUTED_VALUE"""),21.0) -> 21 | U62: =IFERROR(__xludf.DUMMYFUNCTION("""COMPUTED_VALUE"""),"BAIK") -> BAIK | V62: =IFERROR(__xludf.DUMMYFUNCTION("""COMPUTED_VALUE"""),"Tidak Ada") -> Tidak Ada | AC62: =IFERROR(__xludf.DUMMYFUNCTION("""COMPUTED_VALUE"""),"INSPEKSI SUTM - T2_Images/18da6211.FOTO.141525.jpg") -> INSPEKSI SUTM - T2_Images/18da6211.FOTO.141525.jpg | AF62: =IFERROR(__xludf.DUMMYFUNCTION("""COMPUTED_VALUE"""),"BELUM") -> BELUM | AG62: =IFERROR(__xludf.DUMMYFUNCTION("""COMPUTED_VALUE"""),46037.0) -> 46037
A63: =IFERROR(__xludf.DUMMYFUNCTION("""COMPUTED_VALUE"""),"87f978fc") -> 87f978fc | B63: =IFERROR(__xludf.DUMMYFUNCTION("""COMPUTED_VALUE"""),46037.883252314816) -> 46037.883 | C63: =IFERROR(__xludf.DUMMYFUNCTION("""COMPUTED_VALUE"""),"-6.899227, 107.641348") -> -6.899227, 107.641348 | D63: =IFERROR(__xludf.DUMMYFUNCTION("""COMPUTED_VALUE"""),"Sandi angga") -> Sandi angga | E63: =IFERROR(__xludf.DUMMYFUNCTION("""COMPUTED_VALUE"""),"BANDUNG") -> BANDUNG | F63: =IFERROR(__xludf.DUMMYFUNCTION("""COMPUTED_VALUE"""),"BANDUNG TIMUR") -> BANDUNG TIMUR | G63: =IFERROR(__xludf.DUMMYFUNCTION("""COMPUTED_VALUE"""),"KIARACONDONG") -> KIARACONDONG | H63: =IFERROR(__xludf.DUMMYFUNCTION("""COMPUTED_VALUE"""),"KPO") -> KPO | I63: =IFERROR(__xludf.DUMMYFUNCTION("""COMPUTED_VALUE"""),"REC. BKRB-BGC") -> REC. BKRB-BGC | J63: =IFERROR(__xludf.DUMMYFUNCTION("""COMPUTED_VALUE"""),"ZONA 2") -> ZONA 2 | K63: =IFERROR(__xludf.DUMMYFUNCTION("""COMPUTED_VALUE"""),"084") -> 084 | L63: =IFERROR(__xludf.DUMMYFUNCTION("""COMPUTED_VALUE"""),"TM - 4B/H (Afspan)") -> TM - 4B/H (Afspan) | M63: =IFERROR(__xludf.DUMMYFUNCTION("""COMPUTED_VALUE"""),"Tidak Ada") -> Tidak Ada | O63: =IFERROR(__xludf.DUMMYFUNCTION("""COMPUTED_VALUE"""),"PEMBANDING SEJENIS") -> PEMBANDING SEJENIS | P63: =IFERROR(__xludf.DUMMYFUNCTION("""COMPUTED_VALUE"""),"KONEKTOR/JUMPER") -> KONEKTOR/JUMPER | Q63: =IFERROR(__xludf.DUMMYFUNCTION("""COMPUTED_VALUE"""),21.0) -> 21 | R63: =IFERROR(__xludf.DUMMYFUNCTION("""COMPUTED_VALUE"""),22.0) -> 22 | S63: =IFERROR(__xludf.DUMMYFUNCTION("""COMPUTED_VALUE"""),21.0) -> 21 | U63: =IFERROR(__xludf.DUMMYFUNCTION("""COMPUTED_VALUE"""),"BAIK") -> BAIK | V63: =IFERROR(__xludf.DUMMYFUNCTION("""COMPUTED_VALUE"""),"Tidak Ada") -> Tidak Ada | AC63: =IFERROR(__xludf.DUMMYFUNCTION("""COMPUTED_VALUE"""),"INSPEKSI SUTM - T2_Images/87f978fc.FOTO.141531.jpg") -> INSPEKSI SUTM - T2_Images/87f978fc.FOTO.141531.jpg | AF63: =IFERROR(__xludf.DUMMYFUNCTION("""COMPUTED_VALUE"""),"BELUM") -> BELUM | AG63: =IFERROR(__xludf.DUMMYFUNCTION("""COMPUTED_VALUE"""),46037.0) -> 46037
A64: =IFERROR(__xludf.DUMMYFUNCTION("""COMPUTED_VALUE"""),"2342aa0c") -> 2342aa0c | B64: =IFERROR(__xludf.DUMMYFUNCTION("""COMPUTED_VALUE"""),46037.88375) -> 46037.884 | C64: =IFERROR(__xludf.DUMMYFUNCTION("""COMPUTED_VALUE"""),"-6.899223, 107.641349") -> -6.899223, 107.641349 | D64: =IFERROR(__xludf.DUMMYFUNCTION("""COMPUTED_VALUE"""),"Sandi angga") -> Sandi angga | E64: =IFERROR(__xludf.DUMMYFUNCTION("""COMPUTED_VALUE"""),"BANDUNG") -> BANDUNG | F64: =IFERROR(__xludf.DUMMYFUNCTION("""COMPUTED_VALUE"""),"BANDUNG TIMUR") -> BANDUNG TIMUR | G64: =IFERROR(__xludf.DUMMYFUNCTION("""COMPUTED_VALUE"""),"KIARACONDONG") -> KIARACONDONG | H64: =IFERROR(__xludf.DUMMYFUNCTION("""COMPUTED_VALUE"""),"KPO") -> KPO | I64: =IFERROR(__xludf.DUMMYFUNCTION("""COMPUTED_VALUE"""),"REC. BKRB-BGC") -> REC. BKRB-BGC | J64: =IFERROR(__xludf.DUMMYFUNCTION("""COMPUTED_VALUE"""),"ZONA 2") -> ZONA 2 | K64: =IFERROR(__xludf.DUMMYFUNCTION("""COMPUTED_VALUE"""),"088") -> 088 | L64: =IFERROR(__xludf.DUMMYFUNCTION("""COMPUTED_VALUE"""),"TM - 13B/H (Kabel Naik Pada Tiang Tumpu)") -> TM - 13B/H (Kabel Naik Pada Tiang Tumpu) | M64: =IFERROR(__xludf.DUMMYFUNCTION("""COMPUTED_VALUE"""),"Tidak Ada") -> Tidak Ada | O64: =IFERROR(__xludf.DUMMYFUNCTION("""COMPUTED_VALUE"""),"PEMBANDING SEJENIS") -> PEMBANDING SEJENIS | P64: =IFERROR(__xludf.DUMMYFUNCTION("""COMPUTED_VALUE"""),"TERMINASI") -> TERMINASI | Q64: =IFERROR(__xludf.DUMMYFUNCTION("""COMPUTED_VALUE"""),21.0) -> 21 | R64: =IFERROR(__xludf.DUMMYFUNCTION("""COMPUTED_VALUE"""),22.0) -> 22 | S64: =IFERROR(__xludf.DUMMYFUNCTION("""COMPUTED_VALUE"""),20.0) -> 20 | U64: =IFERROR(__xludf.DUMMYFUNCTION("""COMPUTED_VALUE"""),"BAIK") -> BAIK | V64: =IFERROR(__xludf.DUMMYFUNCTION("""COMPUTED_VALUE"""),"Tidak Ada") -> Tidak Ada | AC64: =IFERROR(__xludf.DUMMYFUNCTION("""COMPUTED_VALUE"""),"INSPEKSI SUTM - T2_Images/2342aa0c.FOTO.141535.jpg") -> INSPEKSI SUTM - T2_Images/2342aa0c.FOTO.141535.jpg | AF64: =IFERROR(__xludf.DUMMYFUNCTION("""COMPUTED_VALUE"""),"BELUM") -> BELUM | AG64: =IFERROR(__xludf.DUMMYFUNCTION("""COMPUTED_VALUE"""),46037.0) -> 46037
A65: =IFERROR(__xludf.DUMMYFUNCTION("""COMPUTED_VALUE"""),"a29b1b5b") -> a29b1b5b | B65: =IFERROR(__xludf.DUMMYFUNCTION("""COMPUTED_VALUE"""),46037.884375) -> 46037.884 | C65: =IFERROR(__xludf.DUMMYFUNCTION("""COMPUTED_VALUE"""),"-6.899234, 107.641354") -> -6.899234, 107.641354 | D65: =IFERROR(__xludf.DUMMYFUNCTION("""COMPUTED_VALUE"""),"Sandi angga") -> Sandi angga | E65: =IFERROR(__xludf.DUMMYFUNCTION("""COMPUTED_VALUE"""),"BANDUNG") -> BANDUNG | F65: =IFERROR(__xludf.DUMMYFUNCTION("""COMPUTED_VALUE"""),"BANDUNG TIMUR") -> BANDUNG TIMUR | G65: =IFERROR(__xludf.DUMMYFUNCTION("""COMPUTED_VALUE"""),"KIARACONDONG") -> KIARACONDONG | H65: =IFERROR(__xludf.DUMMYFUNCTION("""COMPUTED_VALUE"""),"KPO") -> KPO | I65: =IFERROR(__xludf.DUMMYFUNCTION("""COMPUTED_VALUE"""),"REC. BKRB-BGC") -> REC. BKRB-BGC | J65: =IFERROR(__xludf.DUMMYFUNCTION("""COMPUTED_VALUE"""),"ZONA 2") -> ZONA 2 | K65: =IFERROR(__xludf.DUMMYFUNCTION("""COMPUTED_VALUE"""),"088L01") -> 088L01 | L65: =IFERROR(__xludf.DUMMYFUNCTION("""COMPUTED_VALUE"""),"TM - 13B/H (Kabel Naik Pada Tiang Tumpu)") -> TM - 13B/H (Kabel Naik Pada Tiang Tumpu) | M65: =IFERROR(__xludf.DUMMYFUNCTION("""COMPUTED_VALUE"""),"Gardu") -> Gardu | N65: =IFERROR(__xludf.DUMMYFUNCTION("""COMPUTED_VALUE"""),"CHY") -> CHY | O65: =IFERROR(__xludf.DUMMYFUNCTION("""COMPUTED_VALUE"""),"PEMBANDING SEJENIS") -> PEMBANDING SEJENIS | P65: =IFERROR(__xludf.DUMMYFUNCTION("""COMPUTED_VALUE"""),"TERMINASI") -> TERMINASI | Q65: =IFERROR(__xludf.DUMMYFUNCTION("""COMPUTED_VALUE"""),21.0) -> 21 | R65: =IFERROR(__xludf.DUMMYFUNCTION("""COMPUTED_VALUE"""),18.0) -> 18 | S65: =IFERROR(__xludf.DUMMYFUNCTION("""COMPUTED_VALUE"""),20.0) -> 20 | U65: =IFERROR(__xludf.DUMMYFUNCTION("""COMPUTED_VALUE"""),"CUKUP") -> CUKUP | V65: =IFERROR(__xludf.DUMMYFUNCTION("""COMPUTED_VALUE"""),"Tidak Ada") -> Tidak Ada | AC65: =IFERROR(__xludf.DUMMYFUNCTION("""COMPUTED_VALUE"""),"INSPEKSI SUTM - T2_Images/a29b1b5b.FOTO.141543.jpg") -> INSPEKSI SUTM - T2_Images/a29b1b5b.FOTO.141543.jpg | AF65: =IFERROR(__xludf.DUMMYFUNCTION("""COMPUTED_VALUE"""),"BELUM") -> BELUM | AG65: =IFERROR(__xludf.DUMMYFUNCTION("""COMPUTED_VALUE"""),46037.0) -> 46037
A66: =IFERROR(__xludf.DUMMYFUNCTION("""COMPUTED_VALUE"""),"d26caa9f") -> d26caa9f | B66: =IFERROR(__xludf.DUMMYFUNCTION("""COMPUTED_VALUE"""),46037.885) -> 46037.885 | C66: =IFERROR(__xludf.DUMMYFUNCTION("""COMPUTED_VALUE"""),"-6.899226, 107.641348") -> -6.899226, 107.641348 | D66: =IFERROR(__xludf.DUMMYFUNCTION("""COMPUTED_VALUE"""),"Sandi angga") -> Sandi angga | E66: =IFERROR(__xludf.DUMMYFUNCTION("""COMPUTED_VALUE"""),"BANDUNG") -> BANDUNG | F66: =IFERROR(__xludf.DUMMYFUNCTION("""COMPUTED_VALUE"""),"BANDUNG TIMUR") -> BANDUNG TIMUR | G66: =IFERROR(__xludf.DUMMYFUNCTION("""COMPUTED_VALUE"""),"KIARACONDONG") -> KIARACONDONG | H66: =IFERROR(__xludf.DUMMYFUNCTION("""COMPUTED_VALUE"""),"KPO") -> KPO | I66: =IFERROR(__xludf.DUMMYFUNCTION("""COMPUTED_VALUE"""),"REC. BKRB-BGC") -> REC. BKRB-BGC | J66: =IFERROR(__xludf.DUMMYFUNCTION("""COMPUTED_VALUE"""),"ZONA 2") -> ZONA 2 | K66: =IFERROR(__xludf.DUMMYFUNCTION("""COMPUTED_VALUE"""),"094") -> 094 | L66: =IFERROR(__xludf.DUMMYFUNCTION("""COMPUTED_VALUE"""),"TM - 4B/H (Afspan)") -> TM - 4B/H (Afspan) | M66: =IFERROR(__xludf.DUMMYFUNCTION("""COMPUTED_VALUE"""),"Tidak Ada") -> Tidak Ada | O66: =IFERROR(__xludf.DUMMYFUNCTION("""COMPUTED_VALUE"""),"PEMBANDING SEJENIS") -> PEMBANDING SEJENIS | P66: =IFERROR(__xludf.DUMMYFUNCTION("""COMPUTED_VALUE"""),"KONEKTOR/JUMPER") -> KONEKTOR/JUMPER | Q66: =IFERROR(__xludf.DUMMYFUNCTION("""COMPUTED_VALUE"""),20.0) -> 20 | R66: =IFERROR(__xludf.DUMMYFUNCTION("""COMPUTED_VALUE"""),21.0) -> 21 | S66: =IFERROR(__xludf.DUMMYFUNCTION("""COMPUTED_VALUE"""),20.0) -> 20 | U66: =IFERROR(__xludf.DUMMYFUNCTION("""COMPUTED_VALUE"""),"BAIK") -> BAIK | V66: =IFERROR(__xludf.DUMMYFUNCTION("""COMPUTED_VALUE"""),"Tidak Ada") -> Tidak Ada | AC66: =IFERROR(__xludf.DUMMYFUNCTION("""COMPUTED_VALUE"""),"INSPEKSI SUTM - T2_Images/d26caa9f.FOTO.141548.jpg") -> INSPEKSI SUTM - T2_Images/d26caa9f.FOTO.141548.jpg | AF66: =IFERROR(__xludf.DUMMYFUNCTION("""COMPUTED_VALUE"""),"BELUM") -> BELUM | AG66: =IFERROR(__xludf.DUMMYFUNCTION("""COMPUTED_VALUE"""),46037.0) -> 46037
A67: =IFERROR(__xludf.DUMMYFUNCTION("""COMPUTED_VALUE"""),"0a4a647f") -> 0a4a647f | B67: =IFERROR(__xludf.DUMMYFUNCTION("""COMPUTED_VALUE"""),46037.88554398148) -> 46037.886 | C67: =IFERROR(__xludf.DUMMYFUNCTION("""COMPUTED_VALUE"""),"-6.899222, 107.641352") -> -6.899222, 107.641352 | D67: =IFERROR(__xludf.DUMMYFUNCTION("""COMPUTED_VALUE"""),"Sandi angga") -> Sandi angga | E67: =IFERROR(__xludf.DUMMYFUNCTION("""COMPUTED_VALUE"""),"BANDUNG") -> BANDUNG | F67: =IFERROR(__xludf.DUMMYFUNCTION("""COMPUTED_VALUE"""),"BANDUNG TIMUR") -> BANDUNG TIMUR | G67: =IFERROR(__xludf.DUMMYFUNCTION("""COMPUTED_VALUE"""),"KIARACONDONG") -> KIARACONDONG | H67: =IFERROR(__xludf.DUMMYFUNCTION("""COMPUTED_VALUE"""),"KPO") -> KPO | I67: =IFERROR(__xludf.DUMMYFUNCTION("""COMPUTED_VALUE"""),"REC. BKRB-BGC") -> REC. BKRB-BGC | J67: =IFERROR(__xludf.DUMMYFUNCTION("""COMPUTED_VALUE"""),"ZONA 2") -> ZONA 2 | K67: =IFERROR(__xludf.DUMMYFUNCTION("""COMPUTED_VALUE"""),"095") -> 095 | L67: =IFERROR(__xludf.DUMMYFUNCTION("""COMPUTED_VALUE"""),"TM - 14B/H (Akhir)") -> TM - 14B/H (Akhir) | M67: =IFERROR(__xludf.DUMMYFUNCTION("""COMPUTED_VALUE"""),"Tidak Ada") -> Tidak Ada | O67: =IFERROR(__xludf.DUMMYFUNCTION("""COMPUTED_VALUE"""),"PEMBANDING SEJENIS") -> PEMBANDING SEJENIS | P67: =IFERROR(__xludf.DUMMYFUNCTION("""COMPUTED_VALUE"""),"TERMINASI") -> TERMINASI | Q67: =IFERROR(__xludf.DUMMYFUNCTION("""COMPUTED_VALUE"""),21.0) -> 21 | R67: =IFERROR(__xludf.DUMMYFUNCTION("""COMPUTED_VALUE"""),21.0) -> 21 | S67: =IFERROR(__xludf.DUMMYFUNCTION("""COMPUTED_VALUE"""),22.0) -> 22 | U67: =IFERROR(__xludf.DUMMYFUNCTION("""COMPUTED_VALUE"""),"BAIK") -> BAIK | V67: =IFERROR(__xludf.DUMMYFUNCTION("""COMPUTED_VALUE"""),"Tidak Ada") -> Tidak Ada | AC67: =IFERROR(__xludf.DUMMYFUNCTION("""COMPUTED_VALUE"""),"INSPEKSI SUTM - T2_Images/0a4a647f.FOTO.141553.jpg") -> INSPEKSI SUTM - T2_Images/0a4a647f.FOTO.141553.jpg | AF67: =IFERROR(__xludf.DUMMYFUNCTION("""COMPUTED_VALUE"""),"BELUM") -> BELUM | AG67: =IFERROR(__xludf.DUMMYFUNCTION("""COMPUTED_VALUE"""),46037.0) -> 46037
A68: =IFERROR(__xludf.DUMMYFUNCTION("""COMPUTED_VALUE"""),"b51c83e4") -> b51c83e4 | B68: =IFERROR(__xludf.DUMMYFUNCTION("""COMPUTED_VALUE"""),46037.89729166667) -> 46037.897 | C68: =IFERROR(__xludf.DUMMYFUNCTION("""COMPUTED_VALUE"""),"-6.875000, 107.640374") -> -6.875000, 107.640374 | D68: =IFERROR(__xludf.DUMMYFUNCTION("""COMPUTED_VALUE"""),"Angga sandi") -> Angga sandi | E68: =IFERROR(__xludf.DUMMYFUNCTION("""COMPUTED_VALUE"""),"BANDUNG") -> BANDUNG | F68: =IFERROR(__xludf.DUMMYFUNCTION("""COMPUTED_VALUE"""),"BANDUNG TIMUR") -> BANDUNG TIMUR | G68: =IFERROR(__xludf.DUMMYFUNCTION("""COMPUTED_VALUE"""),"KIARACONDONG") -> KIARACONDONG | H68: =IFERROR(__xludf.DUMMYFUNCTION("""COMPUTED_VALUE"""),"KPO") -> KPO | I68: =IFERROR(__xludf.DUMMYFUNCTION("""COMPUTED_VALUE"""),"REC. BKRB-BGC") -> REC. BKRB-BGC | J68: =IFERROR(__xludf.DUMMYFUNCTION("""COMPUTED_VALUE"""),"ZONA 2") -> ZONA 2 | K68: =IFERROR(__xludf.DUMMYFUNCTION("""COMPUTED_VALUE"""),"096") -> 096 | L68: =IFERROR(__xludf.DUMMYFUNCTION("""COMPUTED_VALUE"""),"TM - 11B/H (Kabel Naik)") -> TM - 11B/H (Kabel Naik) | M68: =IFERROR(__xludf.DUMMYFUNCTION("""COMPUTED_VALUE"""),"Tidak Ada") -> Tidak Ada | O68: =IFERROR(__xludf.DUMMYFUNCTION("""COMPUTED_VALUE"""),"PEMBANDING SEJENIS") -> PEMBANDING SEJENIS | P68: =IFERROR(__xludf.DUMMYFUNCTION("""COMPUTED_VALUE"""),"TERMINASI") -> TERMINASI | Q68: =IFERROR(__xludf.DUMMYFUNCTION("""COMPUTED_VALUE"""),22.4) -> 22.4 | R68: =IFERROR(__xludf.DUMMYFUNCTION("""COMPUTED_VALUE"""),22.1) -> 22.1 | S68: =IFERROR(__xludf.DUMMYFUNCTION("""COMPUTED_VALUE"""),22.0) -> 22 | U68: =IFERROR(__xludf.DUMMYFUNCTION("""COMPUTED_VALUE"""),"BAIK") -> BAIK | V68: =IFERROR(__xludf.DUMMYFUNCTION("""COMPUTED_VALUE"""),"Tidak Ada") -> Tidak Ada | AC68: =IFERROR(__xludf.DUMMYFUNCTION("""COMPUTED_VALUE"""),"INSPEKSI SUTM - T2_Images/b51c83e4.FOTO.143412.jpg") -> INSPEKSI SUTM - T2_Images/b51c83e4.FOTO.143412.jpg | AF68: =IFERROR(__xludf.DUMMYFUNCTION("""COMPUTED_VALUE"""),"BELUM") -> BELUM | AG68: =IFERROR(__xludf.DUMMYFUNCTION("""COMPUTED_VALUE"""),46037.0) -> 46037
A69: =IFERROR(__xludf.DUMMYFUNCTION("""COMPUTED_VALUE"""),"9211c3dd") -> 9211c3dd | B69: =IFERROR(__xludf.DUMMYFUNCTION("""COMPUTED_VALUE"""),46037.899189814816) -> 46037.899 | C69: =IFERROR(__xludf.DUMMYFUNCTION("""COMPUTED_VALUE"""),"-6.873640, 107.639354") -> -6.873640, 107.639354 | D69: =IFERROR(__xludf.DUMMYFUNCTION("""COMPUTED_VALUE"""),"Angga sandi") -> Angga sandi | E69: =IFERROR(__xludf.DUMMYFUNCTION("""COMPUTED_VALUE"""),"BANDUNG") -> BANDUNG | F69: =IFERROR(__xludf.DUMMYFUNCTION("""COMPUTED_VALUE"""),"BANDUNG TIMUR") -> BANDUNG TIMUR | G69: =IFERROR(__xludf.DUMMYFUNCTION("""COMPUTED_VALUE"""),"KIARACONDONG") -> KIARACONDONG | H69: =IFERROR(__xludf.DUMMYFUNCTION("""COMPUTED_VALUE"""),"KPO") -> KPO | I69: =IFERROR(__xludf.DUMMYFUNCTION("""COMPUTED_VALUE"""),"REC. BKRB-BGC") -> REC. BKRB-BGC | J69: =IFERROR(__xludf.DUMMYFUNCTION("""COMPUTED_VALUE"""),"ZONA 2") -> ZONA 2 | K69: =IFERROR(__xludf.DUMMYFUNCTION("""COMPUTED_VALUE"""),"102") -> 102 | L69: =IFERROR(__xludf.DUMMYFUNCTION("""COMPUTED_VALUE"""),"TM - 7B/H (Afspan 90 Derajat)") -> TM - 7B/H (Afspan 90 Derajat) | M69: =IFERROR(__xludf.DUMMYFUNCTION("""COMPUTED_VALUE"""),"Tidak Ada") -> Tidak Ada | O69: =IFERROR(__xludf.DUMMYFUNCTION("""COMPUTED_VALUE"""),"PEMBANDING SEJENIS") -> PEMBANDING SEJENIS | P69: =IFERROR(__xludf.DUMMYFUNCTION("""COMPUTED_VALUE"""),"KONEKTOR/JUMPER") -> KONEKTOR/JUMPER | Q69: =IFERROR(__xludf.DUMMYFUNCTION("""COMPUTED_VALUE"""),20.6) -> 20.6 | R69: =IFERROR(__xludf.DUMMYFUNCTION("""COMPUTED_VALUE"""),21.0) -> 21 | S69: =IFERROR(__xludf.DUMMYFUNCTION("""COMPUTED_VALUE"""),21.3) -> 21.3 | U69: =IFERROR(__xludf.DUMMYFUNCTION("""COMPUTED_VALUE"""),"BAIK") -> BAIK | V69: =IFERROR(__xludf.DUMMYFUNCTION("""COMPUTED_VALUE"""),"Tidak Ada") -> Tidak Ada | AC69: =IFERROR(__xludf.DUMMYFUNCTION("""COMPUTED_VALUE"""),"INSPEKSI SUTM - T2_Images/9211c3dd.FOTO.143529.jpg") -> INSPEKSI SUTM - T2_Images/9211c3dd.FOTO.143529.jpg | AF69: =IFERROR(__xludf.DUMMYFUNCTION("""COMPUTED_VALUE"""),"BELUM") -> BELUM | AG69: =IFERROR(__xludf.DUMMYFUNCTION("""COMPUTED_VALUE"""),46037.0) -> 46037
A70: =IFERROR(__xludf.DUMMYFUNCTION("""COMPUTED_VALUE"""),"332f6539") -> 332f6539 | B70: =IFERROR(__xludf.DUMMYFUNCTION("""COMPUTED_VALUE"""),46037.90076388889) -> 46037.901 | C70: =IFERROR(__xludf.DUMMYFUNCTION("""COMPUTED_VALUE"""),"-6.874676, 107.638218") -> -6.874676, 107.638218 | D70: =IFERROR(__xludf.DUMMYFUNCTION("""COMPUTED_VALUE"""),"Angga sandi") -> Angga sandi | E70: =IFERROR(__xludf.DUMMYFUNCTION("""COMPUTED_VALUE"""),"BANDUNG") -> BANDUNG | F70: =IFERROR(__xludf.DUMMYFUNCTION("""COMPUTED_VALUE"""),"BANDUNG TIMUR") -> BANDUNG TIMUR | G70: =IFERROR(__xludf.DUMMYFUNCTION("""COMPUTED_VALUE"""),"KIARACONDONG") -> KIARACONDONG | H70: =IFERROR(__xludf.DUMMYFUNCTION("""COMPUTED_VALUE"""),"KPO") -> KPO | I70: =IFERROR(__xludf.DUMMYFUNCTION("""COMPUTED_VALUE"""),"REC. BKRB-BGC") -> REC. BKRB-BGC | J70: =IFERROR(__xludf.DUMMYFUNCTION("""COMPUTED_VALUE"""),"ZONA 2") -> ZONA 2 | K70: =IFERROR(__xludf.DUMMYFUNCTION("""COMPUTED_VALUE"""),"106") -> 106 | L70: =IFERROR(__xludf.DUMMYFUNCTION("""COMPUTED_VALUE"""),"TM - 1B/H (Tumpu)") -> TM - 1B/H (Tumpu) | M70: =IFERROR(__xludf.DUMMYFUNCTION("""COMPUTED_VALUE"""),"Tidak Ada") -> Tidak Ada | O70: =IFERROR(__xludf.DUMMYFUNCTION("""COMPUTED_VALUE"""),"PEMBANDING SEJENIS") -> PEMBANDING SEJENIS | P70: =IFERROR(__xludf.DUMMYFUNCTION("""COMPUTED_VALUE"""),"ARRESTER") -> ARRESTER | Q70: =IFERROR(__xludf.DUMMYFUNCTION("""COMPUTED_VALUE"""),22.0) -> 22 | R70: =IFERROR(__xludf.DUMMYFUNCTION("""COMPUTED_VALUE"""),21.7) -> 21.7 | S70: =IFERROR(__xludf.DUMMYFUNCTION("""COMPUTED_VALUE"""),22.0) -> 22 | U70: =IFERROR(__xludf.DUMMYFUNCTION("""COMPUTED_VALUE"""),"BAIK") -> BAIK | V70: =IFERROR(__xludf.DUMMYFUNCTION("""COMPUTED_VALUE"""),"Tidak Ada") -> Tidak Ada | AC70: =IFERROR(__xludf.DUMMYFUNCTION("""COMPUTED_VALUE"""),"INSPEKSI SUTM - T2_Images/332f6539.FOTO.143755.jpg") -> INSPEKSI SUTM - T2_Images/332f6539.FOTO.143755.jpg | AF70: =IFERROR(__xludf.DUMMYFUNCTION("""COMPUTED_VALUE"""),"BELUM") -> BELUM | AG70: =IFERROR(__xludf.DUMMYFUNCTION("""COMPUTED_VALUE"""),46037.0) -> 46037
A71: =IFERROR(__xludf.DUMMYFUNCTION("""COMPUTED_VALUE"""),"c5b7a145") -> c5b7a145 | B71: =IFERROR(__xludf.DUMMYFUNCTION("""COMPUTED_VALUE"""),46037.97400462963) -> 46037.974 | C71: =IFERROR(__xludf.DUMMYFUNCTION("""COMPUTED_VALUE"""),"-6.934416, 107.717183") -> -6.934416, 107.717183 | D71: =IFERROR(__xludf.DUMMYFUNCTION("""COMPUTED_VALUE"""),"Canra heri") -> Canra heri | E71: =IFERROR(__xludf.DUMMYFUNCTION("""COMPUTED_VALUE"""),"BANDUNG") -> BANDUNG | F71: =IFERROR(__xludf.DUMMYFUNCTION("""COMPUTED_VALUE"""),"UJUNGBERUNG") -> UJUNGBERUNG | G71: =IFERROR(__xludf.DUMMYFUNCTION("""COMPUTED_VALUE"""),"UJUNGBERUNG") -> UJUNGBERUNG | H71: =IFERROR(__xludf.DUMMYFUNCTION("""COMPUTED_VALUE"""),"CPDU") -> CPDU | I71: =IFERROR(__xludf.DUMMYFUNCTION("""COMPUTED_VALUE"""),"REC CBUA - LBS MAN") -> REC CBUA - LBS MAN | J71: =IFERROR(__xludf.DUMMYFUNCTION("""COMPUTED_VALUE"""),"ZONA 2") -> ZONA 2 | K71: =IFERROR(__xludf.DUMMYFUNCTION("""COMPUTED_VALUE"""),"046") -> 046 | L71: =IFERROR(__xludf.DUMMYFUNCTION("""COMPUTED_VALUE"""),"TM - 8B/H (Percabangan)") -> TM - 8B/H (Percabangan) | M71: =IFERROR(__xludf.DUMMYFUNCTION("""COMPUTED_VALUE"""),"Tidak Ada") -> Tidak Ada | O71: =IFERROR(__xludf.DUMMYFUNCTION("""COMPUTED_VALUE"""),"PEMBANDING SEJENIS") -> PEMBANDING SEJENIS | P71: =IFERROR(__xludf.DUMMYFUNCTION("""COMPUTED_VALUE"""),"KONEKTOR/JUMPER") -> KONEKTOR/JUMPER | Q71: =IFERROR(__xludf.DUMMYFUNCTION("""COMPUTED_VALUE"""),20.0) -> 20 | R71: =IFERROR(__xludf.DUMMYFUNCTION("""COMPUTED_VALUE"""),19.0) -> 19 | S71: =IFERROR(__xludf.DUMMYFUNCTION("""COMPUTED_VALUE"""),22.0) -> 22 | U71: =IFERROR(__xludf.DUMMYFUNCTION("""COMPUTED_VALUE"""),"CUKUP") -> CUKUP | V71: =IFERROR(__xludf.DUMMYFUNCTION("""COMPUTED_VALUE"""),"Tidak Ada") -> Tidak Ada | AC71: =IFERROR(__xludf.DUMMYFUNCTION("""COMPUTED_VALUE"""),"INSPEKSI SUTM - T2_Images/c5b7a145.FOTO.162408.jpg") -> INSPEKSI SUTM - T2_Images/c5b7a145.FOTO.162408.jpg | AF71: =IFERROR(__xludf.DUMMYFUNCTION("""COMPUTED_VALUE"""),"BELUM") -> BELUM | AG71: =IFERROR(__xludf.DUMMYFUNCTION("""COMPUTED_VALUE"""),46037.0) -> 46037
A72: =IFERROR(__xludf.DUMMYFUNCTION("""COMPUTED_VALUE"""),"e0e71324") -> e0e71324 | B72: =IFERROR(__xludf.DUMMYFUNCTION("""COMPUTED_VALUE"""),46037.97652777778) -> 46037.977 | C72: =IFERROR(__xludf.DUMMYFUNCTION("""COMPUTED_VALUE"""),"-6.934061, 107.716605") -> -6.934061, 107.716605 | D72: =IFERROR(__xludf.DUMMYFUNCTION("""COMPUTED_VALUE"""),"Canra heri") -> Canra heri | E72: =IFERROR(__xludf.DUMMYFUNCTION("""COMPUTED_VALUE"""),"BANDUNG") -> BANDUNG | F72: =IFERROR(__xludf.DUMMYFUNCTION("""COMPUTED_VALUE"""),"UJUNGBERUNG") -> UJUNGBERUNG | G72: =IFERROR(__xludf.DUMMYFUNCTION("""COMPUTED_VALUE"""),"UJUNGBERUNG") -> UJUNGBERUNG | H72: =IFERROR(__xludf.DUMMYFUNCTION("""COMPUTED_VALUE"""),"CPDU") -> CPDU | I72: =IFERROR(__xludf.DUMMYFUNCTION("""COMPUTED_VALUE"""),"REC CBUA - LBS MAN") -> REC CBUA - LBS MAN | J72: =IFERROR(__xludf.DUMMYFUNCTION("""COMPUTED_VALUE"""),"ZONA 2") -> ZONA 2 | K72: =IFERROR(__xludf.DUMMYFUNCTION("""COMPUTED_VALUE"""),"048") -> 048 | L72: =IFERROR(__xludf.DUMMYFUNCTION("""COMPUTED_VALUE"""),"TM - 4B/H (Afspan)") -> TM - 4B/H (Afspan) | M72: =IFERROR(__xludf.DUMMYFUNCTION("""COMPUTED_VALUE"""),"Tidak Ada") -> Tidak Ada | O72: =IFERROR(__xludf.DUMMYFUNCTION("""COMPUTED_VALUE"""),"PEMBANDING SEJENIS") -> PEMBANDING SEJENIS | P72: =IFERROR(__xludf.DUMMYFUNCTION("""COMPUTED_VALUE"""),"KONEKTOR/JUMPER") -> KONEKTOR/JUMPER | Q72: =IFERROR(__xludf.DUMMYFUNCTION("""COMPUTED_VALUE"""),21.0) -> 21 | R72: =IFERROR(__xludf.DUMMYFUNCTION("""COMPUTED_VALUE"""),150.0) -> 150 | S72: =IFERROR(__xludf.DUMMYFUNCTION("""COMPUTED_VALUE"""),21.0) -> 21 | U72: =IFERROR(__xludf.DUMMYFUNCTION("""COMPUTED_VALUE"""),"BURUK") -> BURUK | V72: =IFERROR(__xludf.DUMMYFUNCTION("""COMPUTED_VALUE"""),"Tidak Ada") -> Tidak Ada | AC72: =IFERROR(__xludf.DUMMYFUNCTION("""COMPUTED_VALUE"""),"INSPEKSI SUTM - T2_Images/e0e71324.FOTO.162712.jpg") -> INSPEKSI SUTM - T2_Images/e0e71324.FOTO.162712.jpg | AF72: =IFERROR(__xludf.DUMMYFUNCTION("""COMPUTED_VALUE"""),"BELUM") -> BELUM | AG72: =IFERROR(__xludf.DUMMYFUNCTION("""COMPUTED_VALUE"""),46037.0) -> 46037
A73: =IFERROR(__xludf.DUMMYFUNCTION("""COMPUTED_VALUE"""),"fdd04427") -> fdd04427 | B73: =IFERROR(__xludf.DUMMYFUNCTION("""COMPUTED_VALUE"""),46037.97895833333) -> 46037.979 | C73: =IFERROR(__xludf.DUMMYFUNCTION("""COMPUTED_VALUE"""),"-6.932417, 107.715832") -> -6.932417, 107.715832 | D73: =IFERROR(__xludf.DUMMYFUNCTION("""COMPUTED_VALUE"""),"Canra heri") -> Canra heri | E73: =IFERROR(__xludf.DUMMYFUNCTION("""COMPUTED_VALUE"""),"BANDUNG") -> BANDUNG | F73: =IFERROR(__xludf.DUMMYFUNCTION("""COMPUTED_VALUE"""),"UJUNGBERUNG") -> UJUNGBERUNG | G73: =IFERROR(__xludf.DUMMYFUNCTION("""COMPUTED_VALUE"""),"UJUNGBERUNG") -> UJUNGBERUNG | H73: =IFERROR(__xludf.DUMMYFUNCTION("""COMPUTED_VALUE"""),"CPDU") -> CPDU | I73: =IFERROR(__xludf.DUMMYFUNCTION("""COMPUTED_VALUE"""),"REC CBUA - LBS MAN") -> REC CBUA - LBS MAN | J73: =IFERROR(__xludf.DUMMYFUNCTION("""COMPUTED_VALUE"""),"ZONA 2") -> ZONA 2 | K73: =IFERROR(__xludf.DUMMYFUNCTION("""COMPUTED_VALUE"""),"052") -> 052 | L73: =IFERROR(__xludf.DUMMYFUNCTION("""COMPUTED_VALUE"""),"TM - 16B/H (REC/SSO/LBS)") -> TM - 16B/H (REC/SSO/LBS) | M73: =IFERROR(__xludf.DUMMYFUNCTION("""COMPUTED_VALUE"""),"LBS") -> LBS | N73: =IFERROR(__xludf.DUMMYFUNCTION("""COMPUTED_VALUE"""),"Uin") -> Uin | O73: =IFERROR(__xludf.DUMMYFUNCTION("""COMPUTED_VALUE"""),"PEMBANDING SEJENIS") -> PEMBANDING SEJENIS | P73: =IFERROR(__xludf.DUMMYFUNCTION("""COMPUTED_VALUE"""),"TERMINAL BUSHING") -> TERMINAL BUSHING | Q73: =IFERROR(__xludf.DUMMYFUNCTION("""COMPUTED_VALUE"""),22.0) -> 22 | R73: =IFERROR(__xludf.DUMMYFUNCTION("""COMPUTED_VALUE"""),22.0) -> 22 | S73: =IFERROR(__xludf.DUMMYFUNCTION("""COMPUTED_VALUE"""),22.0) -> 22 | U73: =IFERROR(__xludf.DUMMYFUNCTION("""COMPUTED_VALUE"""),"BAIK") -> BAIK | V73: =IFERROR(__xludf.DUMMYFUNCTION("""COMPUTED_VALUE"""),"Tidak Ada") -> Tidak Ada | AC73: =IFERROR(__xludf.DUMMYFUNCTION("""COMPUTED_VALUE"""),"INSPEKSI SUTM - T2_Images/fdd04427.FOTO.163046.jpg") -> INSPEKSI SUTM - T2_Images/fdd04427.FOTO.163046.jpg | AF73: =IFERROR(__xludf.DUMMYFUNCTION("""COMPUTED_VALUE"""),"BELUM") -> BELUM | AG73: =IFERROR(__xludf.DUMMYFUNCTION("""COMPUTED_VALUE"""),46037.0) -> 46037
A74: =IFERROR(__xludf.DUMMYFUNCTION("""COMPUTED_VALUE"""),"999a249a") -> 999a249a | B74: =IFERROR(__xludf.DUMMYFUNCTION("""COMPUTED_VALUE"""),46037.984375) -> 46037.984 | C74: =IFERROR(__xludf.DUMMYFUNCTION("""COMPUTED_VALUE"""),"-6.933962, 107.721982") -> -6.933962, 107.721982 | D74: =IFERROR(__xludf.DUMMYFUNCTION("""COMPUTED_VALUE"""),"Canra heri") -> Canra heri | E74: =IFERROR(__xludf.DUMMYFUNCTION("""COMPUTED_VALUE"""),"BANDUNG") -> BANDUNG | F74: =IFERROR(__xludf.DUMMYFUNCTION("""COMPUTED_VALUE"""),"UJUNGBERUNG") -> UJUNGBERUNG | G74: =IFERROR(__xludf.DUMMYFUNCTION("""COMPUTED_VALUE"""),"UJUNGBERUNG") -> UJUNGBERUNG | H74: =IFERROR(__xludf.DUMMYFUNCTION("""COMPUTED_VALUE"""),"CPDU") -> CPDU | I74: =IFERROR(__xludf.DUMMYFUNCTION("""COMPUTED_VALUE"""),"REC CBUA - LBS MAN") -> REC CBUA - LBS MAN | J74: =IFERROR(__xludf.DUMMYFUNCTION("""COMPUTED_VALUE"""),"ZONA 2") -> ZONA 2 | K74: =IFERROR(__xludf.DUMMYFUNCTION("""COMPUTED_VALUE"""),"031") -> 031 | L74: =IFERROR(__xludf.DUMMYFUNCTION("""COMPUTED_VALUE"""),"TM - 4B/H (Afspan)") -> TM - 4B/H (Afspan) | M74: =IFERROR(__xludf.DUMMYFUNCTION("""COMPUTED_VALUE"""),"Tidak Ada") -> Tidak Ada | O74: =IFERROR(__xludf.DUMMYFUNCTION("""COMPUTED_VALUE"""),"PEMBANDING SEJENIS") -> PEMBANDING SEJENIS | P74: =IFERROR(__xludf.DUMMYFUNCTION("""COMPUTED_VALUE"""),"KONEKTOR/JUMPER") -> KONEKTOR/JUMPER | Q74: =IFERROR(__xludf.DUMMYFUNCTION("""COMPUTED_VALUE"""),22.0) -> 22 | R74: =IFERROR(__xludf.DUMMYFUNCTION("""COMPUTED_VALUE"""),22.0) -> 22 | S74: =IFERROR(__xludf.DUMMYFUNCTION("""COMPUTED_VALUE"""),20.0) -> 20 | U74: =IFERROR(__xludf.DUMMYFUNCTION("""COMPUTED_VALUE"""),"BAIK") -> BAIK | V74: =IFERROR(__xludf.DUMMYFUNCTION("""COMPUTED_VALUE"""),"Tidak Ada") -> Tidak Ada | AC74: =IFERROR(__xludf.DUMMYFUNCTION("""COMPUTED_VALUE"""),"INSPEKSI SUTM - T2_Images/999a249a.FOTO.163826.jpg") -> INSPEKSI SUTM - T2_Images/999a249a.FOTO.163826.jpg | AF74: =IFERROR(__xludf.DUMMYFUNCTION("""COMPUTED_VALUE"""),"BELUM") -> BELUM | AG74: =IFERROR(__xludf.DUMMYFUNCTION("""COMPUTED_VALUE"""),46037.0) -> 46037
A75: =IFERROR(__xludf.DUMMYFUNCTION("""COMPUTED_VALUE"""),"9ed6ca8d") -> 9ed6ca8d | B75: =IFERROR(__xludf.DUMMYFUNCTION("""COMPUTED_VALUE"""),46024.95923611111) -> 46024.959 | C75: =IFERROR(__xludf.DUMMYFUNCTION("""COMPUTED_VALUE"""),"-6.949056, 107.611929") -> -6.949056, 107.611929 | D75: =IFERROR(__xludf.DUMMYFUNCTION("""COMPUTED_VALUE"""),"Nugi fuad") -> Nugi fuad | E75: =IFERROR(__xludf.DUMMYFUNCTION("""COMPUTED_VALUE"""),"BANDUNG") -> BANDUNG | F75: =IFERROR(__xludf.DUMMYFUNCTION("""COMPUTED_VALUE"""),"BANDUNG SELATAN") -> BANDUNG SELATAN | G75: =IFERROR(__xludf.DUMMYFUNCTION("""COMPUTED_VALUE"""),"CIGERELENG") -> CIGERELENG | H75: =IFERROR(__xludf.DUMMYFUNCTION("""COMPUTED_VALUE"""),"CMU") -> CMU | I75: =IFERROR(__xludf.DUMMYFUNCTION("""COMPUTED_VALUE"""),"LBS CKGC-ujung") -> LBS CKGC-ujung | J75: =IFERROR(__xludf.DUMMYFUNCTION("""COMPUTED_VALUE"""),"ZONA 2") -> ZONA 2 | K75: =IFERROR(__xludf.DUMMYFUNCTION("""COMPUTED_VALUE"""),"003L06") -> 003L06 | L75: =IFERROR(__xludf.DUMMYFUNCTION("""COMPUTED_VALUE"""),"TM - 16B/H (REC/SSO/LBS)") -> TM - 16B/H (REC/SSO/LBS) | M75: =IFERROR(__xludf.DUMMYFUNCTION("""COMPUTED_VALUE"""),"LBS") -> LBS | N75: =IFERROR(__xludf.DUMMYFUNCTION("""COMPUTED_VALUE"""),"CKGC") -> CKGC | O75: =IFERROR(__xludf.DUMMYFUNCTION("""COMPUTED_VALUE"""),"PEMBANDING SEJENIS") -> PEMBANDING SEJENIS | P75: =IFERROR(__xludf.DUMMYFUNCTION("""COMPUTED_VALUE"""),"KONEKTOR/JUMPER") -> KONEKTOR/JUMPER | Q75: =IFERROR(__xludf.DUMMYFUNCTION("""COMPUTED_VALUE"""),24.0) -> 24 | R75: =IFERROR(__xludf.DUMMYFUNCTION("""COMPUTED_VALUE"""),24.0) -> 24 | S75: =IFERROR(__xludf.DUMMYFUNCTION("""COMPUTED_VALUE"""),24.0) -> 24 | U75: =IFERROR(__xludf.DUMMYFUNCTION("""COMPUTED_VALUE"""),"BAIK") -> BAIK | V75: =IFERROR(__xludf.DUMMYFUNCTION("""COMPUTED_VALUE"""),"Tidak Ada") -> Tidak Ada | AC75: =IFERROR(__xludf.DUMMYFUNCTION("""COMPUTED_VALUE"""),"INSPEKSI SUTM - T2_Images/9ed6ca8d.FOTO.160910.jpg") -> INSPEKSI SUTM - T2_Images/9ed6ca8d.FOTO.160910.jpg | AF75: =IFERROR(__xludf.DUMMYFUNCTION("""COMPUTED_VALUE"""),"BELUM") -> BELUM | AG75: =IFERROR(__xludf.DUMMYFUNCTION("""COMPUTED_VALUE"""),46024.0) -> 46024
A76: =IFERROR(__xludf.DUMMYFUNCTION("""COMPUTED_VALUE"""),"20a549ae") -> 20a549ae | B76: =IFERROR(__xludf.DUMMYFUNCTION("""COMPUTED_VALUE"""),46024.95989583333) -> 46024.96 | C76: =IFERROR(__xludf.DUMMYFUNCTION("""COMPUTED_VALUE"""),"-6.949056, 107.611929") -> -6.949056, 107.611929 | D76: =IFERROR(__xludf.DUMMYFUNCTION("""COMPUTED_VALUE"""),"Nugi fuad") -> Nugi fuad | E76: =IFERROR(__xludf.DUMMYFUNCTION("""COMPUTED_VALUE"""),"BANDUNG") -> BANDUNG | F76: =IFERROR(__xludf.DUMMYFUNCTION("""COMPUTED_VALUE"""),"BANDUNG SELATAN") -> BANDUNG SELATAN | G76: =IFERROR(__xludf.DUMMYFUNCTION("""COMPUTED_VALUE"""),"CIGERELENG") -> CIGERELENG | H76: =IFERROR(__xludf.DUMMYFUNCTION("""COMPUTED_VALUE"""),"CMU") -> CMU | I76: =IFERROR(__xludf.DUMMYFUNCTION("""COMPUTED_VALUE"""),"LBS CKGC-ujung") -> LBS CKGC-ujung | J76: =IFERROR(__xludf.DUMMYFUNCTION("""COMPUTED_VALUE"""),"ZONA 2") -> ZONA 2 | K76: =IFERROR(__xludf.DUMMYFUNCTION("""COMPUTED_VALUE"""),"003L07") -> 003L07 | L76: =IFERROR(__xludf.DUMMYFUNCTION("""COMPUTED_VALUE"""),"TM - 7B/H (Afspan 90 Derajat)") -> TM - 7B/H (Afspan 90 Derajat) | M76: =IFERROR(__xludf.DUMMYFUNCTION("""COMPUTED_VALUE"""),"Tidak Ada") -> Tidak Ada | O76: =IFERROR(__xludf.DUMMYFUNCTION("""COMPUTED_VALUE"""),"PEMBANDING SEJENIS") -> PEMBANDING SEJENIS | P76: =IFERROR(__xludf.DUMMYFUNCTION("""COMPUTED_VALUE"""),"KONEKTOR/JUMPER") -> KONEKTOR/JUMPER | Q76: =IFERROR(__xludf.DUMMYFUNCTION("""COMPUTED_VALUE"""),24.0) -> 24 | R76: =IFERROR(__xludf.DUMMYFUNCTION("""COMPUTED_VALUE"""),23.0) -> 23 | S76: =IFERROR(__xludf.DUMMYFUNCTION("""COMPUTED_VALUE"""),23.0) -> 23 | U76: =IFERROR(__xludf.DUMMYFUNCTION("""COMPUTED_VALUE"""),"BAIK") -> BAIK | V76: =IFERROR(__xludf.DUMMYFUNCTION("""COMPUTED_VALUE"""),"Tidak Ada") -> Tidak Ada | AC76: =IFERROR(__xludf.DUMMYFUNCTION("""COMPUTED_VALUE"""),"INSPEKSI SUTM - T2_Images/20a549ae.FOTO.160915.jpg") -> INSPEKSI SUTM - T2_Images/20a549ae.FOTO.160915.jpg | AF76: =IFERROR(__xludf.DUMMYFUNCTION("""COMPUTED_VALUE"""),"BELUM") -> BELUM | AG76: =IFERROR(__xludf.DUMMYFUNCTION("""COMPUTED_VALUE"""),46024.0) -> 46024
A77: =IFERROR(__xludf.DUMMYFUNCTION("""COMPUTED_VALUE"""),"fc1476ac") -> fc1476ac | B77: =IFERROR(__xludf.DUMMYFUNCTION("""COMPUTED_VALUE"""),46024.96050925926) -> 46024.961 | C77: =IFERROR(__xludf.DUMMYFUNCTION("""COMPUTED_VALUE"""),"-6.949056, 107.611929") -> -6.949056, 107.611929 | D77: =IFERROR(__xludf.DUMMYFUNCTION("""COMPUTED_VALUE"""),"Nugi fuad") -> Nugi fuad | E77: =IFERROR(__xludf.DUMMYFUNCTION("""COMPUTED_VALUE"""),"BANDUNG") -> BANDUNG | F77: =IFERROR(__xludf.DUMMYFUNCTION("""COMPUTED_VALUE"""),"BANDUNG SELATAN") -> BANDUNG SELATAN | G77: =IFERROR(__xludf.DUMMYFUNCTION("""COMPUTED_VALUE"""),"CIGERELENG") -> CIGERELENG | H77: =IFERROR(__xludf.DUMMYFUNCTION("""COMPUTED_VALUE"""),"CMU") -> CMU | I77: =IFERROR(__xludf.DUMMYFUNCTION("""COMPUTED_VALUE"""),"LBS CKGC-ujung") -> LBS CKGC-ujung | J77: =IFERROR(__xludf.DUMMYFUNCTION("""COMPUTED_VALUE"""),"ZONA 2") -> ZONA 2 | K77: =IFERROR(__xludf.DUMMYFUNCTION("""COMPUTED_VALUE"""),"003L13") -> 003L13 | L77: =IFERROR(__xludf.DUMMYFUNCTION("""COMPUTED_VALUE"""),"TM - 8B/H (Percabangan)") -> TM - 8B/H (Percabangan) | M77: =IFERROR(__xludf.DUMMYFUNCTION("""COMPUTED_VALUE"""),"Tidak Ada") -> Tidak Ada | O77: =IFERROR(__xludf.DUMMYFUNCTION("""COMPUTED_VALUE"""),"PEMBANDING SEJENIS") -> PEMBANDING SEJENIS | P77: =IFERROR(__xludf.DUMMYFUNCTION("""COMPUTED_VALUE"""),"KONEKTOR/JUMPER") -> KONEKTOR/JUMPER | Q77: =IFERROR(__xludf.DUMMYFUNCTION("""COMPUTED_VALUE"""),24.0) -> 24 | R77: =IFERROR(__xludf.DUMMYFUNCTION("""COMPUTED_VALUE"""),24.0) -> 24 | S77: =IFERROR(__xludf.DUMMYFUNCTION("""COMPUTED_VALUE"""),24.0) -> 24 | U77: =IFERROR(__xludf.DUMMYFUNCTION("""COMPUTED_VALUE"""),"BAIK") -> BAIK | V77: =IFERROR(__xludf.DUMMYFUNCTION("""COMPUTED_VALUE"""),"Tidak Ada") -> Tidak Ada | AC77: =IFERROR(__xludf.DUMMYFUNCTION("""COMPUTED_VALUE"""),"INSPEKSI SUTM - T2_Images/fc1476ac.FOTO.160931.jpg") -> INSPEKSI SUTM - T2_Images/fc1476ac.FOTO.160931.jpg | AF77: =IFERROR(__xludf.DUMMYFUNCTION("""COMPUTED_VALUE"""),"BELUM") -> BELUM | AG77: =IFERROR(__xludf.DUMMYFUNCTION("""COMPUTED_VALUE"""),46024.0) -> 46024
A78: =IFERROR(__xludf.DUMMYFUNCTION("""COMPUTED_VALUE"""),"cb433399") -> cb433399 | B78: =IFERROR(__xludf.DUMMYFUNCTION("""COMPUTED_VALUE"""),46024.961064814815) -> 46024.961 | C78: =IFERROR(__xludf.DUMMYFUNCTION("""COMPUTED_VALUE"""),"-6.949056, 107.611929") -> -6.949056, 107.611929 | D78: =IFERROR(__xludf.DUMMYFUNCTION("""COMPUTED_VALUE"""),"Nugi fuad") -> Nugi fuad | E78: =IFERROR(__xludf.DUMMYFUNCTION("""COMPUTED_VALUE"""),"BANDUNG") -> BANDUNG | F78: =IFERROR(__xludf.DUMMYFUNCTION("""COMPUTED_VALUE"""),"BANDUNG SELATAN") -> BANDUNG SELATAN | G78: =IFERROR(__xludf.DUMMYFUNCTION("""COMPUTED_VALUE"""),"CIGERELENG") -> CIGERELENG | H78: =IFERROR(__xludf.DUMMYFUNCTION("""COMPUTED_VALUE"""),"CMU") -> CMU | I78: =IFERROR(__xludf.DUMMYFUNCTION("""COMPUTED_VALUE"""),"LBS CKGC-ujung") -> LBS CKGC-ujung | J78: =IFERROR(__xludf.DUMMYFUNCTION("""COMPUTED_VALUE"""),"ZONA 2") -> ZONA 2 | K78: =IFERROR(__xludf.DUMMYFUNCTION("""COMPUTED_VALUE"""),"003L13R01") -> 003L13R01 | L78: =IFERROR(__xludf.DUMMYFUNCTION("""COMPUTED_VALUE"""),"TM - 14B/H (Akhir)") -> TM - 14B/H (Akhir) | M78: =IFERROR(__xludf.DUMMYFUNCTION("""COMPUTED_VALUE"""),"Tidak Ada") -> Tidak Ada | O78: =IFERROR(__xludf.DUMMYFUNCTION("""COMPUTED_VALUE"""),"PEMBANDING SEJENIS") -> PEMBANDING SEJENIS | P78: =IFERROR(__xludf.DUMMYFUNCTION("""COMPUTED_VALUE"""),"TERMINASI") -> TERMINASI | Q78: =IFERROR(__xludf.DUMMYFUNCTION("""COMPUTED_VALUE"""),24.0) -> 24 | R78: =IFERROR(__xludf.DUMMYFUNCTION("""COMPUTED_VALUE"""),24.0) -> 24 | S78: =IFERROR(__xludf.DUMMYFUNCTION("""COMPUTED_VALUE"""),23.0) -> 23 | U78: =IFERROR(__xludf.DUMMYFUNCTION("""COMPUTED_VALUE"""),"BAIK") -> BAIK | V78: =IFERROR(__xludf.DUMMYFUNCTION("""COMPUTED_VALUE"""),"Tidak Ada") -> Tidak Ada | AC78: =IFERROR(__xludf.DUMMYFUNCTION("""COMPUTED_VALUE"""),"INSPEKSI SUTM - T2_Images/cb433399.FOTO.160934.jpg") -> INSPEKSI SUTM - T2_Images/cb433399.FOTO.160934.jpg | AF78: =IFERROR(__xludf.DUMMYFUNCTION("""COMPUTED_VALUE"""),"BELUM") -> BELUM | AG78: =IFERROR(__xludf.DUMMYFUNCTION("""COMPUTED_VALUE"""),46024.0) -> 46024
A79: =IFERROR(__xludf.DUMMYFUNCTION("""COMPUTED_VALUE"""),"d6ff1ac1") -> d6ff1ac1 | B79: =IFERROR(__xludf.DUMMYFUNCTION("""COMPUTED_VALUE"""),46024.96162037037) -> 46024.962 | C79: =IFERROR(__xludf.DUMMYFUNCTION("""COMPUTED_VALUE"""),"-6.949056, 107.611929") -> -6.949056, 107.611929 | D79: =IFERROR(__xludf.DUMMYFUNCTION("""COMPUTED_VALUE"""),"Nugi fuad") -> Nugi fuad | E79: =IFERROR(__xludf.DUMMYFUNCTION("""COMPUTED_VALUE"""),"BANDUNG") -> BANDUNG | F79: =IFERROR(__xludf.DUMMYFUNCTION("""COMPUTED_VALUE"""),"BANDUNG SELATAN") -> BANDUNG SELATAN | G79: =IFERROR(__xludf.DUMMYFUNCTION("""COMPUTED_VALUE"""),"CIGERELENG") -> CIGERELENG | H79: =IFERROR(__xludf.DUMMYFUNCTION("""COMPUTED_VALUE"""),"CMU") -> CMU | I79: =IFERROR(__xludf.DUMMYFUNCTION("""COMPUTED_VALUE"""),"LBS CKGC-ujung") -> LBS CKGC-ujung | J79: =IFERROR(__xludf.DUMMYFUNCTION("""COMPUTED_VALUE"""),"ZONA 2") -> ZONA 2 | K79: =IFERROR(__xludf.DUMMYFUNCTION("""COMPUTED_VALUE"""),"003L14") -> 003L14 | L79: =IFERROR(__xludf.DUMMYFUNCTION("""COMPUTED_VALUE"""),"TM - 7B/H (Afspan 90 Derajat)") -> TM - 7B/H (Afspan 90 Derajat) | M79: =IFERROR(__xludf.DUMMYFUNCTION("""COMPUTED_VALUE"""),"Tidak Ada") -> Tidak Ada | O79: =IFERROR(__xludf.DUMMYFUNCTION("""COMPUTED_VALUE"""),"PEMBANDING SEJENIS") -> PEMBANDING SEJENIS | P79: =IFERROR(__xludf.DUMMYFUNCTION("""COMPUTED_VALUE"""),"KONEKTOR/JUMPER") -> KONEKTOR/JUMPER | Q79: =IFERROR(__xludf.DUMMYFUNCTION("""COMPUTED_VALUE"""),23.0) -> 23 | R79: =IFERROR(__xludf.DUMMYFUNCTION("""COMPUTED_VALUE"""),23.0) -> 23 | S79: =IFERROR(__xludf.DUMMYFUNCTION("""COMPUTED_VALUE"""),23.0) -> 23 | U79: =IFERROR(__xludf.DUMMYFUNCTION("""COMPUTED_VALUE"""),"BAIK") -> BAIK | V79: =IFERROR(__xludf.DUMMYFUNCTION("""COMPUTED_VALUE"""),"Tidak Ada") -> Tidak Ada | AC79: =IFERROR(__xludf.DUMMYFUNCTION("""COMPUTED_VALUE"""),"INSPEKSI SUTM - T2_Images/d6ff1ac1.FOTO.160939.jpg") -> INSPEKSI SUTM - T2_Images/d6ff1ac1.FOTO.160939.jpg | AF79: =IFERROR(__xludf.DUMMYFUNCTION("""COMPUTED_VALUE"""),"BELUM") -> BELUM | AG79: =IFERROR(__xludf.DUMMYFUNCTION("""COMPUTED_VALUE"""),46024.0) -> 46024
A80: =IFERROR(__xludf.DUMMYFUNCTION("""COMPUTED_VALUE"""),"b5d1319f") -> b5d1319f | B80: =IFERROR(__xludf.DUMMYFUNCTION("""COMPUTED_VALUE"""),46024.96208333333) -> 46024.962 | C80: =IFERROR(__xludf.DUMMYFUNCTION("""COMPUTED_VALUE"""),"-6.949056, 107.611929") -> -6.949056, 107.611929 | D80: =IFERROR(__xludf.DUMMYFUNCTION("""COMPUTED_VALUE"""),"Nugi fuad") -> Nugi fuad | E80: =IFERROR(__xludf.DUMMYFUNCTION("""COMPUTED_VALUE"""),"BANDUNG") -> BANDUNG | F80: =IFERROR(__xludf.DUMMYFUNCTION("""COMPUTED_VALUE"""),"BANDUNG SELATAN") -> BANDUNG SELATAN | G80: =IFERROR(__xludf.DUMMYFUNCTION("""COMPUTED_VALUE"""),"CIGERELENG") -> CIGERELENG | H80: =IFERROR(__xludf.DUMMYFUNCTION("""COMPUTED_VALUE"""),"CMU") -> CMU | I80: =IFERROR(__xludf.DUMMYFUNCTION("""COMPUTED_VALUE"""),"LBS CKGC-ujung") -> LBS CKGC-ujung | J80: =IFERROR(__xludf.DUMMYFUNCTION("""COMPUTED_VALUE"""),"ZONA 2") -> ZONA 2 | K80: =IFERROR(__xludf.DUMMYFUNCTION("""COMPUTED_VALUE"""),"003L31") -> 003L31 | L80: =IFERROR(__xludf.DUMMYFUNCTION("""COMPUTED_VALUE"""),"TM - 10B/H (Dua Percabangan)") -> TM - 10B/H (Dua Percabangan) | M80: =IFERROR(__xludf.DUMMYFUNCTION("""COMPUTED_VALUE"""),"Tidak Ada") -> Tidak Ada | O80: =IFERROR(__xludf.DUMMYFUNCTION("""COMPUTED_VALUE"""),"PEMBANDING SEJENIS") -> PEMBANDING SEJENIS | P80: =IFERROR(__xludf.DUMMYFUNCTION("""COMPUTED_VALUE"""),"KONEKTOR/JUMPER") -> KONEKTOR/JUMPER | Q80: =IFERROR(__xludf.DUMMYFUNCTION("""COMPUTED_VALUE"""),23.0) -> 23 | R80: =IFERROR(__xludf.DUMMYFUNCTION("""COMPUTED_VALUE"""),24.0) -> 24 | S80: =IFERROR(__xludf.DUMMYFUNCTION("""COMPUTED_VALUE"""),24.0) -> 24 | U80: =IFERROR(__xludf.DUMMYFUNCTION("""COMPUTED_VALUE"""),"BAIK") -> BAIK | V80: =IFERROR(__xludf.DUMMYFUNCTION("""COMPUTED_VALUE"""),"Tidak Ada") -> Tidak Ada | AC80: =IFERROR(__xludf.DUMMYFUNCTION("""COMPUTED_VALUE"""),"INSPEKSI SUTM - T2_Images/b5d1319f.FOTO.160943.jpg") -> INSPEKSI SUTM - T2_Images/b5d1319f.FOTO.160943.jpg | AF80: =IFERROR(__xludf.DUMMYFUNCTION("""COMPUTED_VALUE"""),"BELUM") -> BELUM | AG80: =IFERROR(__xludf.DUMMYFUNCTION("""COMPUTED_VALUE"""),46024.0) -> 46024
A81: =IFERROR(__xludf.DUMMYFUNCTION("""COMPUTED_VALUE"""),"65f4e25f") -> 65f4e25f | B81: =IFERROR(__xludf.DUMMYFUNCTION("""COMPUTED_VALUE"""),46024.96267361111) -> 46024.963 | C81: =IFERROR(__xludf.DUMMYFUNCTION("""COMPUTED_VALUE"""),"-6.949056, 107.611929") -> -6.949056, 107.611929 | D81: =IFERROR(__xludf.DUMMYFUNCTION("""COMPUTED_VALUE"""),"Nugi fuad") -> Nugi fuad | E81: =IFERROR(__xludf.DUMMYFUNCTION("""COMPUTED_VALUE"""),"BANDUNG") -> BANDUNG | F81: =IFERROR(__xludf.DUMMYFUNCTION("""COMPUTED_VALUE"""),"BANDUNG SELATAN") -> BANDUNG SELATAN | G81: =IFERROR(__xludf.DUMMYFUNCTION("""COMPUTED_VALUE"""),"CIGERELENG") -> CIGERELENG | H81: =IFERROR(__xludf.DUMMYFUNCTION("""COMPUTED_VALUE"""),"CMU") -> CMU | I81: =IFERROR(__xludf.DUMMYFUNCTION("""COMPUTED_VALUE"""),"LBS CKGC-ujung") -> LBS CKGC-ujung | J81: =IFERROR(__xludf.DUMMYFUNCTION("""COMPUTED_VALUE"""),"ZONA 2") -> ZONA 2 | K81: =IFERROR(__xludf.DUMMYFUNCTION("""COMPUTED_VALUE"""),"003L31R05") -> 003L31R05 | L81: =IFERROR(__xludf.DUMMYFUNCTION("""COMPUTED_VALUE"""),"TM - 14B/H (Akhir)") -> TM - 14B/H (Akhir) | M81: =IFERROR(__xludf.DUMMYFUNCTION("""COMPUTED_VALUE"""),"Tidak Ada") -> Tidak Ada | O81: =IFERROR(__xludf.DUMMYFUNCTION("""COMPUTED_VALUE"""),"PEMBANDING SEJENIS") -> PEMBANDING SEJENIS | P81: =IFERROR(__xludf.DUMMYFUNCTION("""COMPUTED_VALUE"""),"KONEKTOR/JUMPER") -> KONEKTOR/JUMPER | Q81: =IFERROR(__xludf.DUMMYFUNCTION("""COMPUTED_VALUE"""),25.0) -> 25 | R81: =IFERROR(__xludf.DUMMYFUNCTION("""COMPUTED_VALUE"""),24.0) -> 24 | S81: =IFERROR(__xludf.DUMMYFUNCTION("""COMPUTED_VALUE"""),24.0) -> 24 | U81: =IFERROR(__xludf.DUMMYFUNCTION("""COMPUTED_VALUE"""),"BAIK") -> BAIK | V81: =IFERROR(__xludf.DUMMYFUNCTION("""COMPUTED_VALUE"""),"Tidak Ada") -> Tidak Ada | AC81: =IFERROR(__xludf.DUMMYFUNCTION("""COMPUTED_VALUE"""),"INSPEKSI SUTM - T2_Images/65f4e25f.FOTO.160947.jpg") -> INSPEKSI SUTM - T2_Images/65f4e25f.FOTO.160947.jpg | AF81: =IFERROR(__xludf.DUMMYFUNCTION("""COMPUTED_VALUE"""),"BELUM") -> BELUM | AG81: =IFERROR(__xludf.DUMMYFUNCTION("""COMPUTED_VALUE"""),46024.0) -> 46024
A82: =IFERROR(__xludf.DUMMYFUNCTION("""COMPUTED_VALUE"""),"9a3ca53b") -> 9a3ca53b | B82: =IFERROR(__xludf.DUMMYFUNCTION("""COMPUTED_VALUE"""),46024.963125) -> 46024.963 | C82: =IFERROR(__xludf.DUMMYFUNCTION("""COMPUTED_VALUE"""),"-6.949056, 107.611929") -> -6.949056, 107.611929 | D82: =IFERROR(__xludf.DUMMYFUNCTION("""COMPUTED_VALUE"""),"Nugi fuad") -> Nugi fuad | E82: =IFERROR(__xludf.DUMMYFUNCTION("""COMPUTED_VALUE"""),"BANDUNG") -> BANDUNG | F82: =IFERROR(__xludf.DUMMYFUNCTION("""COMPUTED_VALUE"""),"BANDUNG SELATAN") -> BANDUNG SELATAN | G82: =IFERROR(__xludf.DUMMYFUNCTION("""COMPUTED_VALUE"""),"CIGERELENG") -> CIGERELENG | H82: =IFERROR(__xludf.DUMMYFUNCTION("""COMPUTED_VALUE"""),"CMU") -> CMU | I82: =IFERROR(__xludf.DUMMYFUNCTION("""COMPUTED_VALUE"""),"LBS CKGC-ujung") -> LBS CKGC-ujung | J82: =IFERROR(__xludf.DUMMYFUNCTION("""COMPUTED_VALUE"""),"ZONA 2") -> ZONA 2 | K82: =IFERROR(__xludf.DUMMYFUNCTION("""COMPUTED_VALUE"""),"003L34") -> 003L34 | L82: =IFERROR(__xludf.DUMMYFUNCTION("""COMPUTED_VALUE"""),"TM - 7B/H (Afspan 90 Derajat)") -> TM - 7B/H (Afspan 90 Derajat) | M82: =IFERROR(__xludf.DUMMYFUNCTION("""COMPUTED_VALUE"""),"Tidak Ada") -> Tidak Ada | O82: =IFERROR(__xludf.DUMMYFUNCTION("""COMPUTED_VALUE"""),"PEMBANDING SEJENIS") -> PEMBANDING SEJENIS | P82: =IFERROR(__xludf.DUMMYFUNCTION("""COMPUTED_VALUE"""),"KONEKTOR/JUMPER") -> KONEKTOR/JUMPER | Q82: =IFERROR(__xludf.DUMMYFUNCTION("""COMPUTED_VALUE"""),23.0) -> 23 | R82: =IFERROR(__xludf.DUMMYFUNCTION("""COMPUTED_VALUE"""),24.0) -> 24 | S82: =IFERROR(__xludf.DUMMYFUNCTION("""COMPUTED_VALUE"""),23.0) -> 23 | U82: =IFERROR(__xludf.DUMMYFUNCTION("""COMPUTED_VALUE"""),"BAIK") -> BAIK | V82: =IFERROR(__xludf.DUMMYFUNCTION("""COMPUTED_VALUE"""),"Tidak Ada") -> Tidak Ada | AC82: =IFERROR(__xludf.DUMMYFUNCTION("""COMPUTED_VALUE"""),"INSPEKSI SUTM - T2_Images/9a3ca53b.FOTO.160951.jpg") -> INSPEKSI SUTM - T2_Images/9a3ca53b.FOTO.160951.jpg | AF82: =IFERROR(__xludf.DUMMYFUNCTION("""COMPUTED_VALUE"""),"BELUM") -> BELUM | AG82: =IFERROR(__xludf.DUMMYFUNCTION("""COMPUTED_VALUE"""),46024.0) -> 46024
A83: =IFERROR(__xludf.DUMMYFUNCTION("""COMPUTED_VALUE"""),"3a843047") -> 3a843047 | B83: =IFERROR(__xludf.DUMMYFUNCTION("""COMPUTED_VALUE"""),46024.96368055556) -> 46024.964 | C83: =IFERROR(__xludf.DUMMYFUNCTION("""COMPUTED_VALUE"""),"-6.949056, 107.611929") -> -6.949056, 107.611929 | D83: =IFERROR(__xludf.DUMMYFUNCTION("""COMPUTED_VALUE"""),"Nugi fuad") -> Nugi fuad | E83: =IFERROR(__xludf.DUMMYFUNCTION("""COMPUTED_VALUE"""),"BANDUNG") -> BANDUNG | F83: =IFERROR(__xludf.DUMMYFUNCTION("""COMPUTED_VALUE"""),"BANDUNG SELATAN") -> BANDUNG SELATAN | G83: =IFERROR(__xludf.DUMMYFUNCTION("""COMPUTED_VALUE"""),"CIGERELENG") -> CIGERELENG | H83: =IFERROR(__xludf.DUMMYFUNCTION("""COMPUTED_VALUE"""),"CMU") -> CMU | I83: =IFERROR(__xludf.DUMMYFUNCTION("""COMPUTED_VALUE"""),"LBS CKGC-ujung") -> LBS CKGC-ujung | J83: =IFERROR(__xludf.DUMMYFUNCTION("""COMPUTED_VALUE"""),"ZONA 2") -> ZONA 2 | K83: =IFERROR(__xludf.DUMMYFUNCTION("""COMPUTED_VALUE"""),"003L35") -> 003L35 | L83: =IFERROR(__xludf.DUMMYFUNCTION("""COMPUTED_VALUE"""),"TM - 7BC/HC (Afspan 90 Derajat dengan CO)") -> TM - 7BC/HC (Afspan 90 Derajat dengan CO) | M83: =IFERROR(__xludf.DUMMYFUNCTION("""COMPUTED_VALUE"""),"FCO") -> FCO | N83: =IFERROR(__xludf.DUMMYFUNCTION("""COMPUTED_VALUE"""),"CKGI") -> CKGI | O83: =IFERROR(__xludf.DUMMYFUNCTION("""COMPUTED_VALUE"""),"PEMBANDING SEJENIS") -> PEMBANDING SEJENIS | P83: =IFERROR(__xludf.DUMMYFUNCTION("""COMPUTED_VALUE"""),"FCO") -> FCO | Q83: =IFERROR(__xludf.DUMMYFUNCTION("""COMPUTED_VALUE"""),26.0) -> 26 | R83: =IFERROR(__xludf.DUMMYFUNCTION("""COMPUTED_VALUE"""),24.0) -> 24 | S83: =IFERROR(__xludf.DUMMYFUNCTION("""COMPUTED_VALUE"""),28.0) -> 28 | U83: =IFERROR(__xludf.DUMMYFUNCTION("""COMPUTED_VALUE"""),"CUKUP") -> CUKUP | V83: =IFERROR(__xludf.DUMMYFUNCTION("""COMPUTED_VALUE"""),"Tidak Ada") -> Tidak Ada | AC83: =IFERROR(__xludf.DUMMYFUNCTION("""COMPUTED_VALUE"""),"INSPEKSI SUTM - T2_Images/3a843047.FOTO.160955.jpg") -> INSPEKSI SUTM - T2_Images/3a843047.FOTO.160955.jpg | AF83: =IFERROR(__xludf.DUMMYFUNCTION("""COMPUTED_VALUE"""),"BELUM") -> BELUM | AG83: =IFERROR(__xludf.DUMMYFUNCTION("""COMPUTED_VALUE"""),46024.0) -> 46024
A84: =IFERROR(__xludf.DUMMYFUNCTION("""COMPUTED_VALUE"""),"3cfca58d") -> 3cfca58d | B84: =IFERROR(__xludf.DUMMYFUNCTION("""COMPUTED_VALUE"""),46034.966886574075) -> 46034.967 | C84: =IFERROR(__xludf.DUMMYFUNCTION("""COMPUTED_VALUE"""),"-6.949056, 107.611929") -> -6.949056, 107.611929 | D84: =IFERROR(__xludf.DUMMYFUNCTION("""COMPUTED_VALUE"""),"Nugi fuaf") -> Nugi fuaf | E84: =IFERROR(__xludf.DUMMYFUNCTION("""COMPUTED_VALUE"""),"BANDUNG") -> BANDUNG | F84: =IFERROR(__xludf.DUMMYFUNCTION("""COMPUTED_VALUE"""),"BANDUNG SELATAN") -> BANDUNG SELATAN | G84: =IFERROR(__xludf.DUMMYFUNCTION("""COMPUTED_VALUE"""),"CIGERELENG") -> CIGERELENG | H84: =IFERROR(__xludf.DUMMYFUNCTION("""COMPUTED_VALUE"""),"CMU") -> CMU | I84: =IFERROR(__xludf.DUMMYFUNCTION("""COMPUTED_VALUE"""),"LBS ALM-LBS CKGC") -> LBS ALM-LBS CKGC | J84: =IFERROR(__xludf.DUMMYFUNCTION("""COMPUTED_VALUE"""),"ZONA 2") -> ZONA 2 | K84: =IFERROR(__xludf.DUMMYFUNCTION("""COMPUTED_VALUE"""),"001") -> 001 | L84: =IFERROR(__xludf.DUMMYFUNCTION("""COMPUTED_VALUE"""),"TM - 13B/H (Kabel Naik Pada Tiang Tumpu)") -> TM - 13B/H (Kabel Naik Pada Tiang Tumpu) | M84: =IFERROR(__xludf.DUMMYFUNCTION("""COMPUTED_VALUE"""),"Gardu") -> Gardu | N84: =IFERROR(__xludf.DUMMYFUNCTION("""COMPUTED_VALUE"""),"CKGB") -> CKGB | O84: =IFERROR(__xludf.DUMMYFUNCTION("""COMPUTED_VALUE"""),"PEMBANDING SEJENIS") -> PEMBANDING SEJENIS | P84: =IFERROR(__xludf.DUMMYFUNCTION("""COMPUTED_VALUE"""),"TERMINASI") -> TERMINASI | Q84: =IFERROR(__xludf.DUMMYFUNCTION("""COMPUTED_VALUE"""),28.0) -> 28 | R84: =IFERROR(__xludf.DUMMYFUNCTION("""COMPUTED_VALUE"""),23.0) -> 23 | S84: =IFERROR(__xludf.DUMMYFUNCTION("""COMPUTED_VALUE"""),27.0) -> 27 | U84: =IFERROR(__xludf.DUMMYFUNCTION("""COMPUTED_VALUE"""),"CUKUP") -> CUKUP | V84: =IFERROR(__xludf.DUMMYFUNCTION("""COMPUTED_VALUE"""),"Tidak Ada") -> Tidak Ada | AC84: =IFERROR(__xludf.DUMMYFUNCTION("""COMPUTED_VALUE"""),"INSPEKSI SUTM - T2_Images/3cfca58d.FOTO.164109.jpg") -> INSPEKSI SUTM - T2_Images/3cfca58d.FOTO.164109.jpg | AF84: =IFERROR(__xludf.DUMMYFUNCTION("""COMPUTED_VALUE"""),"BELUM") -> BELUM | AG84: =IFERROR(__xludf.DUMMYFUNCTION("""COMPUTED_VALUE"""),46034.0) -> 46034
A85: =IFERROR(__xludf.DUMMYFUNCTION("""COMPUTED_VALUE"""),"42aaf814") -> 42aaf814 | B85: =IFERROR(__xludf.DUMMYFUNCTION("""COMPUTED_VALUE"""),46034.96765046296) -> 46034.968 | C85: =IFERROR(__xludf.DUMMYFUNCTION("""COMPUTED_VALUE"""),"-6.949056, 107.611929") -> -6.949056, 107.611929 | D85: =IFERROR(__xludf.DUMMYFUNCTION("""COMPUTED_VALUE"""),"Nugi fuaf") -> Nugi fuaf | E85: =IFERROR(__xludf.DUMMYFUNCTION("""COMPUTED_VALUE"""),"BANDUNG") -> BANDUNG | F85: =IFERROR(__xludf.DUMMYFUNCTION("""COMPUTED_VALUE"""),"BANDUNG SELATAN") -> BANDUNG SELATAN | G85: =IFERROR(__xludf.DUMMYFUNCTION("""COMPUTED_VALUE"""),"CIGERELENG") -> CIGERELENG | H85: =IFERROR(__xludf.DUMMYFUNCTION("""COMPUTED_VALUE"""),"CMU") -> CMU | I85: =IFERROR(__xludf.DUMMYFUNCTION("""COMPUTED_VALUE"""),"LBS ALM-LBS CKGC") -> LBS ALM-LBS CKGC | J85: =IFERROR(__xludf.DUMMYFUNCTION("""COMPUTED_VALUE"""),"ZONA 2") -> ZONA 2 | K85: =IFERROR(__xludf.DUMMYFUNCTION("""COMPUTED_VALUE"""),"002") -> 002 | L85: =IFERROR(__xludf.DUMMYFUNCTION("""COMPUTED_VALUE"""),"TM - 13B/H (Kabel Naik Pada Tiang Tumpu)") -> TM - 13B/H (Kabel Naik Pada Tiang Tumpu) | M85: =IFERROR(__xludf.DUMMYFUNCTION("""COMPUTED_VALUE"""),"Gardu") -> Gardu | N85: =IFERROR(__xludf.DUMMYFUNCTION("""COMPUTED_VALUE"""),"CKGB") -> CKGB | O85: =IFERROR(__xludf.DUMMYFUNCTION("""COMPUTED_VALUE"""),"PEMBANDING SEJENIS") -> PEMBANDING SEJENIS | P85: =IFERROR(__xludf.DUMMYFUNCTION("""COMPUTED_VALUE"""),"KONEKTOR/JUMPER") -> KONEKTOR/JUMPER | Q85: =IFERROR(__xludf.DUMMYFUNCTION("""COMPUTED_VALUE"""),26.0) -> 26 | R85: =IFERROR(__xludf.DUMMYFUNCTION("""COMPUTED_VALUE"""),24.0) -> 24 | S85: =IFERROR(__xludf.DUMMYFUNCTION("""COMPUTED_VALUE"""),26.0) -> 26 | U85: =IFERROR(__xludf.DUMMYFUNCTION("""COMPUTED_VALUE"""),"BAIK") -> BAIK | V85: =IFERROR(__xludf.DUMMYFUNCTION("""COMPUTED_VALUE"""),"Tidak Ada") -> Tidak Ada | AC85: =IFERROR(__xludf.DUMMYFUNCTION("""COMPUTED_VALUE"""),"INSPEKSI SUTM - T2_Images/42aaf814.FOTO.164118.jpg") -> INSPEKSI SUTM - T2_Images/42aaf814.FOTO.164118.jpg | AF85: =IFERROR(__xludf.DUMMYFUNCTION("""COMPUTED_VALUE"""),"BELUM") -> BELUM | AG85: =IFERROR(__xludf.DUMMYFUNCTION("""COMPUTED_VALUE"""),46034.0) -> 46034
A86: =IFERROR(__xludf.DUMMYFUNCTION("""COMPUTED_VALUE"""),"564a1292") -> 564a1292 | B86: =IFERROR(__xludf.DUMMYFUNCTION("""COMPUTED_VALUE"""),46034.96822916667) -> 46034.968 | C86: =IFERROR(__xludf.DUMMYFUNCTION("""COMPUTED_VALUE"""),"-6.949056, 107.611929") -> -6.949056, 107.611929 | D86: =IFERROR(__xludf.DUMMYFUNCTION("""COMPUTED_VALUE"""),"Nugi fuad") -> Nugi fuad | E86: =IFERROR(__xludf.DUMMYFUNCTION("""COMPUTED_VALUE"""),"BANDUNG") -> BANDUNG | F86: =IFERROR(__xludf.DUMMYFUNCTION("""COMPUTED_VALUE"""),"BANDUNG SELATAN") -> BANDUNG SELATAN | G86: =IFERROR(__xludf.DUMMYFUNCTION("""COMPUTED_VALUE"""),"CIGERELENG") -> CIGERELENG | H86: =IFERROR(__xludf.DUMMYFUNCTION("""COMPUTED_VALUE"""),"CMU") -> CMU | I86: =IFERROR(__xludf.DUMMYFUNCTION("""COMPUTED_VALUE"""),"LBS ALM-LBS CKGC") -> LBS ALM-LBS CKGC | J86: =IFERROR(__xludf.DUMMYFUNCTION("""COMPUTED_VALUE"""),"ZONA 2") -> ZONA 2 | K86: =IFERROR(__xludf.DUMMYFUNCTION("""COMPUTED_VALUE"""),"003") -> 003 | L86: =IFERROR(__xludf.DUMMYFUNCTION("""COMPUTED_VALUE"""),"TM - 8B/H (Percabangan)") -> TM - 8B/H (Percabangan) | M86: =IFERROR(__xludf.DUMMYFUNCTION("""COMPUTED_VALUE"""),"Tidak Ada") -> Tidak Ada | O86: =IFERROR(__xludf.DUMMYFUNCTION("""COMPUTED_VALUE"""),"PEMBANDING SEJENIS") -> PEMBANDING SEJENIS | P86: =IFERROR(__xludf.DUMMYFUNCTION("""COMPUTED_VALUE"""),"KONEKTOR/JUMPER") -> KONEKTOR/JUMPER | Q86: =IFERROR(__xludf.DUMMYFUNCTION("""COMPUTED_VALUE"""),23.0) -> 23 | R86: =IFERROR(__xludf.DUMMYFUNCTION("""COMPUTED_VALUE"""),23.0) -> 23 | S86: =IFERROR(__xludf.DUMMYFUNCTION("""COMPUTED_VALUE"""),23.0) -> 23 | U86: =IFERROR(__xludf.DUMMYFUNCTION("""COMPUTED_VALUE"""),"BAIK") -> BAIK | V86: =IFERROR(__xludf.DUMMYFUNCTION("""COMPUTED_VALUE"""),"Tidak Ada") -> Tidak Ada | AC86: =IFERROR(__xludf.DUMMYFUNCTION("""COMPUTED_VALUE"""),"INSPEKSI SUTM - T2_Images/564a1292.FOTO.164136.jpg") -> INSPEKSI SUTM - T2_Images/564a1292.FOTO.164136.jpg | AF86: =IFERROR(__xludf.DUMMYFUNCTION("""COMPUTED_VALUE"""),"BELUM") -> BELUM | AG86: =IFERROR(__xludf.DUMMYFUNCTION("""COMPUTED_VALUE"""),46034.0) -> 46034
A87: =IFERROR(__xludf.DUMMYFUNCTION("""COMPUTED_VALUE"""),"1bcc8a7f") -> 1bcc8a7f | B87: =IFERROR(__xludf.DUMMYFUNCTION("""COMPUTED_VALUE"""),46034.9687962963) -> 46034.969 | C87: =IFERROR(__xludf.DUMMYFUNCTION("""COMPUTED_VALUE"""),"-6.949056, 107.611929") -> -6.949056, 107.611929 | D87: =IFERROR(__xludf.DUMMYFUNCTION("""COMPUTED_VALUE"""),"Nugi fuad") -> Nugi fuad | E87: =IFERROR(__xludf.DUMMYFUNCTION("""COMPUTED_VALUE"""),"BANDUNG") -> BANDUNG | F87: =IFERROR(__xludf.DUMMYFUNCTION("""COMPUTED_VALUE"""),"BANDUNG SELATAN") -> BANDUNG SELATAN | G87: =IFERROR(__xludf.DUMMYFUNCTION("""COMPUTED_VALUE"""),"CIGERELENG") -> CIGERELENG | H87: =IFERROR(__xludf.DUMMYFUNCTION("""COMPUTED_VALUE"""),"CMU") -> CMU | I87: =IFERROR(__xludf.DUMMYFUNCTION("""COMPUTED_VALUE"""),"LBS ALM-LBS CKGC") -> LBS ALM-LBS CKGC | J87: =IFERROR(__xludf.DUMMYFUNCTION("""COMPUTED_VALUE"""),"ZONA 2") -> ZONA 2 | K87: =IFERROR(__xludf.DUMMYFUNCTION("""COMPUTED_VALUE"""),"003L01") -> 003L01 | L87: =IFERROR(__xludf.DUMMYFUNCTION("""COMPUTED_VALUE"""),"TM - 1B/H (Tumpu)") -> TM - 1B/H (Tumpu) | M87: =IFERROR(__xludf.DUMMYFUNCTION("""COMPUTED_VALUE"""),"Tidak Ada") -> Tidak Ada | O87: =IFERROR(__xludf.DUMMYFUNCTION("""COMPUTED_VALUE"""),"PEMBANDING SEJENIS") -> PEMBANDING SEJENIS | P87: =IFERROR(__xludf.DUMMYFUNCTION("""COMPUTED_VALUE"""),"ARRESTER") -> ARRESTER | Q87: =IFERROR(__xludf.DUMMYFUNCTION("""COMPUTED_VALUE"""),22.0) -> 22 | R87: =IFERROR(__xludf.DUMMYFUNCTION("""COMPUTED_VALUE"""),23.0) -> 23 | S87: =IFERROR(__xludf.DUMMYFUNCTION("""COMPUTED_VALUE"""),22.0) -> 22 | U87: =IFERROR(__xludf.DUMMYFUNCTION("""COMPUTED_VALUE"""),"BAIK") -> BAIK | V87: =IFERROR(__xludf.DUMMYFUNCTION("""COMPUTED_VALUE"""),"Tidak Ada") -> Tidak Ada | AC87: =IFERROR(__xludf.DUMMYFUNCTION("""COMPUTED_VALUE"""),"INSPEKSI SUTM - T2_Images/1bcc8a7f.FOTO.164144.jpg") -> INSPEKSI SUTM - T2_Images/1bcc8a7f.FOTO.164144.jpg | AF87: =IFERROR(__xludf.DUMMYFUNCTION("""COMPUTED_VALUE"""),"BELUM") -> BELUM | AG87: =IFERROR(__xludf.DUMMYFUNCTION("""COMPUTED_VALUE"""),46034.0) -> 46034
A88: =IFERROR(__xludf.DUMMYFUNCTION("""COMPUTED_VALUE"""),"1f7a12e9") -> 1f7a12e9 | B88: =IFERROR(__xludf.DUMMYFUNCTION("""COMPUTED_VALUE"""),46034.969305555554) -> 46034.969 | C88: =IFERROR(__xludf.DUMMYFUNCTION("""COMPUTED_VALUE"""),"-6.949056, 107.611929") -> -6.949056, 107.611929 | D88: =IFERROR(__xludf.DUMMYFUNCTION("""COMPUTED_VALUE"""),"Nugi fuad") -> Nugi fuad | E88: =IFERROR(__xludf.DUMMYFUNCTION("""COMPUTED_VALUE"""),"BANDUNG") -> BANDUNG | F88: =IFERROR(__xludf.DUMMYFUNCTION("""COMPUTED_VALUE"""),"BANDUNG SELATAN") -> BANDUNG SELATAN | G88: =IFERROR(__xludf.DUMMYFUNCTION("""COMPUTED_VALUE"""),"CIGERELENG") -> CIGERELENG | H88: =IFERROR(__xludf.DUMMYFUNCTION("""COMPUTED_VALUE"""),"CMU") -> CMU | I88: =IFERROR(__xludf.DUMMYFUNCTION("""COMPUTED_VALUE"""),"LBS ALM-LBS CKGC") -> LBS ALM-LBS CKGC | J88: =IFERROR(__xludf.DUMMYFUNCTION("""COMPUTED_VALUE"""),"ZONA 2") -> ZONA 2 | K88: =IFERROR(__xludf.DUMMYFUNCTION("""COMPUTED_VALUE"""),"003L02") -> 003L02 | L88: =IFERROR(__xludf.DUMMYFUNCTION("""COMPUTED_VALUE"""),"TM - 7B/H (Afspan 90 Derajat)") -> TM - 7B/H (Afspan 90 Derajat) | M88: =IFERROR(__xludf.DUMMYFUNCTION("""COMPUTED_VALUE"""),"Tidak Ada") -> Tidak Ada | O88: =IFERROR(__xludf.DUMMYFUNCTION("""COMPUTED_VALUE"""),"PEMBANDING SEJENIS") -> PEMBANDING SEJENIS | P88: =IFERROR(__xludf.DUMMYFUNCTION("""COMPUTED_VALUE"""),"KONEKTOR/JUMPER") -> KONEKTOR/JUMPER | Q88: =IFERROR(__xludf.DUMMYFUNCTION("""COMPUTED_VALUE"""),23.0) -> 23 | R88: =IFERROR(__xludf.DUMMYFUNCTION("""COMPUTED_VALUE"""),23.0) -> 23 | S88: =IFERROR(__xludf.DUMMYFUNCTION("""COMPUTED_VALUE"""),22.0) -> 22 | U88: =IFERROR(__xludf.DUMMYFUNCTION("""COMPUTED_VALUE"""),"BAIK") -> BAIK | V88: =IFERROR(__xludf.DUMMYFUNCTION("""COMPUTED_VALUE"""),"Tidak Ada") -> Tidak Ada | AC88: =IFERROR(__xludf.DUMMYFUNCTION("""COMPUTED_VALUE"""),"INSPEKSI SUTM - T2_Images/1f7a12e9.FOTO.164148.jpg") -> INSPEKSI SUTM - T2_Images/1f7a12e9.FOTO.164148.jpg | AF88: =IFERROR(__xludf.DUMMYFUNCTION("""COMPUTED_VALUE"""),"BELUM") -> BELUM | AG88: =IFERROR(__xludf.DUMMYFUNCTION("""COMPUTED_VALUE"""),46034.0) -> 46034
A89: =IFERROR(__xludf.DUMMYFUNCTION("""COMPUTED_VALUE"""),"2e5ac5dd") -> 2e5ac5dd | B89: =IFERROR(__xludf.DUMMYFUNCTION("""COMPUTED_VALUE"""),46034.96979166667) -> 46034.97 | C89: =IFERROR(__xludf.DUMMYFUNCTION("""COMPUTED_VALUE"""),"-6.949056, 107.611929") -> -6.949056, 107.611929 | D89: =IFERROR(__xludf.DUMMYFUNCTION("""COMPUTED_VALUE"""),"Nugi fuad") -> Nugi fuad | E89: =IFERROR(__xludf.DUMMYFUNCTION("""COMPUTED_VALUE"""),"BANDUNG") -> BANDUNG | F89: =IFERROR(__xludf.DUMMYFUNCTION("""COMPUTED_VALUE"""),"BANDUNG SELATAN") -> BANDUNG SELATAN | G89: =IFERROR(__xludf.DUMMYFUNCTION("""COMPUTED_VALUE"""),"CIGERELENG") -> CIGERELENG | H89: =IFERROR(__xludf.DUMMYFUNCTION("""COMPUTED_VALUE"""),"CMU") -> CMU | I89: =IFERROR(__xludf.DUMMYFUNCTION("""COMPUTED_VALUE"""),"LBS ALM-LBS CKGC") -> LBS ALM-LBS CKGC | J89: =IFERROR(__xludf.DUMMYFUNCTION("""COMPUTED_VALUE"""),"ZONA 2") -> ZONA 2 | K89: =IFERROR(__xludf.DUMMYFUNCTION("""COMPUTED_VALUE"""),"003L03") -> 003L03 | L89: =IFERROR(__xludf.DUMMYFUNCTION("""COMPUTED_VALUE"""),"TM - 2B/H (Double Tumpu)") -> TM - 2B/H (Double Tumpu) | M89: =IFERROR(__xludf.DUMMYFUNCTION("""COMPUTED_VALUE"""),"Tidak Ada") -> Tidak Ada | O89: =IFERROR(__xludf.DUMMYFUNCTION("""COMPUTED_VALUE"""),"PEMBANDING SEJENIS") -> PEMBANDING SEJENIS | P89: =IFERROR(__xludf.DUMMYFUNCTION("""COMPUTED_VALUE"""),"ARRESTER") -> ARRESTER | Q89: =IFERROR(__xludf.DUMMYFUNCTION("""COMPUTED_VALUE"""),23.0) -> 23 | R89: =IFERROR(__xludf.DUMMYFUNCTION("""COMPUTED_VALUE"""),23.0) -> 23 | S89: =IFERROR(__xludf.DUMMYFUNCTION("""COMPUTED_VALUE"""),23.0) -> 23 | U89: =IFERROR(__xludf.DUMMYFUNCTION("""COMPUTED_VALUE"""),"BAIK") -> BAIK | V89: =IFERROR(__xludf.DUMMYFUNCTION("""COMPUTED_VALUE"""),"Tidak Ada") -> Tidak Ada | AC89: =IFERROR(__xludf.DUMMYFUNCTION("""COMPUTED_VALUE"""),"INSPEKSI SUTM - T2_Images/2e5ac5dd.FOTO.164151.jpg") -> INSPEKSI SUTM - T2_Images/2e5ac5dd.FOTO.164151.jpg | AF89: =IFERROR(__xludf.DUMMYFUNCTION("""COMPUTED_VALUE"""),"BELUM") -> BELUM | AG89: =IFERROR(__xludf.DUMMYFUNCTION("""COMPUTED_VALUE"""),46034.0) -> 46034
A90: =IFERROR(__xludf.DUMMYFUNCTION("""COMPUTED_VALUE"""),"5df2203c") -> 5df2203c | B90: =IFERROR(__xludf.DUMMYFUNCTION("""COMPUTED_VALUE"""),46034.970289351855) -> 46034.97 | C90: =IFERROR(__xludf.DUMMYFUNCTION("""COMPUTED_VALUE"""),"-6.949056, 107.611929") -> -6.949056, 107.611929 | D90: =IFERROR(__xludf.DUMMYFUNCTION("""COMPUTED_VALUE"""),"Nugi fuad") -> Nugi fuad | E90: =IFERROR(__xludf.DUMMYFUNCTION("""COMPUTED_VALUE"""),"BANDUNG") -> BANDUNG | F90: =IFERROR(__xludf.DUMMYFUNCTION("""COMPUTED_VALUE"""),"BANDUNG SELATAN") -> BANDUNG SELATAN | G90: =IFERROR(__xludf.DUMMYFUNCTION("""COMPUTED_VALUE"""),"CIGERELENG") -> CIGERELENG | H90: =IFERROR(__xludf.DUMMYFUNCTION("""COMPUTED_VALUE"""),"CMU") -> CMU | I90: =IFERROR(__xludf.DUMMYFUNCTION("""COMPUTED_VALUE"""),"LBS ALM-LBS CKGC") -> LBS ALM-LBS CKGC | J90: =IFERROR(__xludf.DUMMYFUNCTION("""COMPUTED_VALUE"""),"ZONA 2") -> ZONA 2 | K90: =IFERROR(__xludf.DUMMYFUNCTION("""COMPUTED_VALUE"""),"003L05") -> 003L05 | L90: =IFERROR(__xludf.DUMMYFUNCTION("""COMPUTED_VALUE"""),"TM - 7B/H (Afspan 90 Derajat)") -> TM - 7B/H (Afspan 90 Derajat) | M90: =IFERROR(__xludf.DUMMYFUNCTION("""COMPUTED_VALUE"""),"Tidak Ada") -> Tidak Ada | O90: =IFERROR(__xludf.DUMMYFUNCTION("""COMPUTED_VALUE"""),"PEMBANDING SEJENIS") -> PEMBANDING SEJENIS | P90: =IFERROR(__xludf.DUMMYFUNCTION("""COMPUTED_VALUE"""),"KONEKTOR/JUMPER") -> KONEKTOR/JUMPER | Q90: =IFERROR(__xludf.DUMMYFUNCTION("""COMPUTED_VALUE"""),24.0) -> 24 | R90: =IFERROR(__xludf.DUMMYFUNCTION("""COMPUTED_VALUE"""),24.0) -> 24 | S90: =IFERROR(__xludf.DUMMYFUNCTION("""COMPUTED_VALUE"""),24.0) -> 24 | U90: =IFERROR(__xludf.DUMMYFUNCTION("""COMPUTED_VALUE"""),"BAIK") -> BAIK | V90: =IFERROR(__xludf.DUMMYFUNCTION("""COMPUTED_VALUE"""),"Tidak Ada") -> Tidak Ada | AC90: =IFERROR(__xludf.DUMMYFUNCTION("""COMPUTED_VALUE"""),"INSPEKSI SUTM - T2_Images/5df2203c.FOTO.164156.jpg") -> INSPEKSI SUTM - T2_Images/5df2203c.FOTO.164156.jpg | AF90: =IFERROR(__xludf.DUMMYFUNCTION("""COMPUTED_VALUE"""),"BELUM") -> BELUM | AG90: =IFERROR(__xludf.DUMMYFUNCTION("""COMPUTED_VALUE"""),46034.0) -> 46034
A91: =IFERROR(__xludf.DUMMYFUNCTION("""COMPUTED_VALUE"""),"95815c6d") -> 95815c6d | B91: =IFERROR(__xludf.DUMMYFUNCTION("""COMPUTED_VALUE"""),46034.97083333333) -> 46034.971 | C91: =IFERROR(__xludf.DUMMYFUNCTION("""COMPUTED_VALUE"""),"-6.949056, 107.611929") -> -6.949056, 107.611929 | D91: =IFERROR(__xludf.DUMMYFUNCTION("""COMPUTED_VALUE"""),"Nugi fuad") -> Nugi fuad | E91: =IFERROR(__xludf.DUMMYFUNCTION("""COMPUTED_VALUE"""),"BANDUNG") -> BANDUNG | F91: =IFERROR(__xludf.DUMMYFUNCTION("""COMPUTED_VALUE"""),"BANDUNG SELATAN") -> BANDUNG SELATAN | G91: =IFERROR(__xludf.DUMMYFUNCTION("""COMPUTED_VALUE"""),"CIGERELENG") -> CIGERELENG | H91: =IFERROR(__xludf.DUMMYFUNCTION("""COMPUTED_VALUE"""),"CMU") -> CMU | I91: =IFERROR(__xludf.DUMMYFUNCTION("""COMPUTED_VALUE"""),"LBS ALM-LBS CKGC") -> LBS ALM-LBS CKGC | J91: =IFERROR(__xludf.DUMMYFUNCTION("""COMPUTED_VALUE"""),"ZONA 2") -> ZONA 2 | K91: =IFERROR(__xludf.DUMMYFUNCTION("""COMPUTED_VALUE"""),"004") -> 004 | L91: =IFERROR(__xludf.DUMMYFUNCTION("""COMPUTED_VALUE"""),"TM - 1B/H (Tumpu)") -> TM - 1B/H (Tumpu) | M91: =IFERROR(__xludf.DUMMYFUNCTION("""COMPUTED_VALUE"""),"Tidak Ada") -> Tidak Ada | O91: =IFERROR(__xludf.DUMMYFUNCTION("""COMPUTED_VALUE"""),"PEMBANDING SEJENIS") -> PEMBANDING SEJENIS | P91: =IFERROR(__xludf.DUMMYFUNCTION("""COMPUTED_VALUE"""),"ARRESTER") -> ARRESTER | Q91: =IFERROR(__xludf.DUMMYFUNCTION("""COMPUTED_VALUE"""),22.0) -> 22 | R91: =IFERROR(__xludf.DUMMYFUNCTION("""COMPUTED_VALUE"""),22.0) -> 22 | S91: =IFERROR(__xludf.DUMMYFUNCTION("""COMPUTED_VALUE"""),23.0) -> 23 | U91: =IFERROR(__xludf.DUMMYFUNCTION("""COMPUTED_VALUE"""),"BAIK") -> BAIK | V91: =IFERROR(__xludf.DUMMYFUNCTION("""COMPUTED_VALUE"""),"Tidak Ada") -> Tidak Ada | AC91: =IFERROR(__xludf.DUMMYFUNCTION("""COMPUTED_VALUE"""),"INSPEKSI SUTM - T2_Images/95815c6d.FOTO.164200.jpg") -> INSPEKSI SUTM - T2_Images/95815c6d.FOTO.164200.jpg | AF91: =IFERROR(__xludf.DUMMYFUNCTION("""COMPUTED_VALUE"""),"BELUM") -> BELUM | AG91: =IFERROR(__xludf.DUMMYFUNCTION("""COMPUTED_VALUE"""),46034.0) -> 46034
A92: =IFERROR(__xludf.DUMMYFUNCTION("""COMPUTED_VALUE"""),"0fb6ada6") -> 0fb6ada6 | B92: =IFERROR(__xludf.DUMMYFUNCTION("""COMPUTED_VALUE"""),46034.971284722225) -> 46034.971 | C92: =IFERROR(__xludf.DUMMYFUNCTION("""COMPUTED_VALUE"""),"-6.949056, 107.611929") -> -6.949056, 107.611929 | D92: =IFERROR(__xludf.DUMMYFUNCTION("""COMPUTED_VALUE"""),"Nugi fuad") -> Nugi fuad | E92: =IFERROR(__xludf.DUMMYFUNCTION("""COMPUTED_VALUE"""),"BANDUNG") -> BANDUNG | F92: =IFERROR(__xludf.DUMMYFUNCTION("""COMPUTED_VALUE"""),"BANDUNG SELATAN") -> BANDUNG SELATAN | G92: =IFERROR(__xludf.DUMMYFUNCTION("""COMPUTED_VALUE"""),"CIGERELENG") -> CIGERELENG | H92: =IFERROR(__xludf.DUMMYFUNCTION("""COMPUTED_VALUE"""),"CMU") -> CMU | I92: =IFERROR(__xludf.DUMMYFUNCTION("""COMPUTED_VALUE"""),"LBS ALM-LBS CKGC") -> LBS ALM-LBS CKGC | J92: =IFERROR(__xludf.DUMMYFUNCTION("""COMPUTED_VALUE"""),"ZONA 2") -> ZONA 2 | K92: =IFERROR(__xludf.DUMMYFUNCTION("""COMPUTED_VALUE"""),"006") -> 006 | L92: =IFERROR(__xludf.DUMMYFUNCTION("""COMPUTED_VALUE"""),"TM - 1B/H (Tumpu)") -> TM - 1B/H (Tumpu) | M92: =IFERROR(__xludf.DUMMYFUNCTION("""COMPUTED_VALUE"""),"Tidak Ada") -> Tidak Ada | O92: =IFERROR(__xludf.DUMMYFUNCTION("""COMPUTED_VALUE"""),"PEMBANDING SEJENIS") -> PEMBANDING SEJENIS | P92: =IFERROR(__xludf.DUMMYFUNCTION("""COMPUTED_VALUE"""),"ARRESTER") -> ARRESTER | Q92: =IFERROR(__xludf.DUMMYFUNCTION("""COMPUTED_VALUE"""),23.0) -> 23 | R92: =IFERROR(__xludf.DUMMYFUNCTION("""COMPUTED_VALUE"""),22.0) -> 22 | S92: =IFERROR(__xludf.DUMMYFUNCTION("""COMPUTED_VALUE"""),22.0) -> 22 | U92: =IFERROR(__xludf.DUMMYFUNCTION("""COMPUTED_VALUE"""),"BAIK") -> BAIK | V92: =IFERROR(__xludf.DUMMYFUNCTION("""COMPUTED_VALUE"""),"Tidak Ada") -> Tidak Ada | AC92: =IFERROR(__xludf.DUMMYFUNCTION("""COMPUTED_VALUE"""),"INSPEKSI SUTM - T2_Images/0fb6ada6.FOTO.164205.jpg") -> INSPEKSI SUTM - T2_Images/0fb6ada6.FOTO.164205.jpg | AF92: =IFERROR(__xludf.DUMMYFUNCTION("""COMPUTED_VALUE"""),"BELUM") -> BELUM | AG92: =IFERROR(__xludf.DUMMYFUNCTION("""COMPUTED_VALUE"""),46034.0) -> 46034
A93: =IFERROR(__xludf.DUMMYFUNCTION("""COMPUTED_VALUE"""),"5b675b7d") -> 5b675b7d | B93: =IFERROR(__xludf.DUMMYFUNCTION("""COMPUTED_VALUE"""),46034.97273148148) -> 46034.973 | C93: =IFERROR(__xludf.DUMMYFUNCTION("""COMPUTED_VALUE"""),"-6.949056, 107.611929") -> -6.949056, 107.611929 | D93: =IFERROR(__xludf.DUMMYFUNCTION("""COMPUTED_VALUE"""),"Nugi fuad") -> Nugi fuad | E93: =IFERROR(__xludf.DUMMYFUNCTION("""COMPUTED_VALUE"""),"BANDUNG") -> BANDUNG | F93: =IFERROR(__xludf.DUMMYFUNCTION("""COMPUTED_VALUE"""),"BANDUNG SELATAN") -> BANDUNG SELATAN | G93: =IFERROR(__xludf.DUMMYFUNCTION("""COMPUTED_VALUE"""),"CIGERELENG") -> CIGERELENG | H93: =IFERROR(__xludf.DUMMYFUNCTION("""COMPUTED_VALUE"""),"CMU") -> CMU | I93: =IFERROR(__xludf.DUMMYFUNCTION("""COMPUTED_VALUE"""),"LBS ALM-LBS CKGC") -> LBS ALM-LBS CKGC | J93: =IFERROR(__xludf.DUMMYFUNCTION("""COMPUTED_VALUE"""),"ZONA 2") -> ZONA 2 | K93: =IFERROR(__xludf.DUMMYFUNCTION("""COMPUTED_VALUE"""),"007") -> 007 | L93: =IFERROR(__xludf.DUMMYFUNCTION("""COMPUTED_VALUE"""),"TM - 4B/H (Afspan)") -> TM - 4B/H (Afspan) | M93: =IFERROR(__xludf.DUMMYFUNCTION("""COMPUTED_VALUE"""),"Tidak Ada") -> Tidak Ada | O93: =IFERROR(__xludf.DUMMYFUNCTION("""COMPUTED_VALUE"""),"PEMBANDING SEJENIS") -> PEMBANDING SEJENIS | P93: =IFERROR(__xludf.DUMMYFUNCTION("""COMPUTED_VALUE"""),"KONEKTOR/JUMPER") -> KONEKTOR/JUMPER | Q93: =IFERROR(__xludf.DUMMYFUNCTION("""COMPUTED_VALUE"""),23.0) -> 23 | R93: =IFERROR(__xludf.DUMMYFUNCTION("""COMPUTED_VALUE"""),22.0) -> 22 | S93: =IFERROR(__xludf.DUMMYFUNCTION("""COMPUTED_VALUE"""),22.0) -> 22 | U93: =IFERROR(__xludf.DUMMYFUNCTION("""COMPUTED_VALUE"""),"BAIK") -> BAIK | V93: =IFERROR(__xludf.DUMMYFUNCTION("""COMPUTED_VALUE"""),"Tidak Ada") -> Tidak Ada | AC93: =IFERROR(__xludf.DUMMYFUNCTION("""COMPUTED_VALUE"""),"INSPEKSI SUTM - T2_Images/5b675b7d.FOTO.164211.jpg") -> INSPEKSI SUTM - T2_Images/5b675b7d.FOTO.164211.jpg | AF93: =IFERROR(__xludf.DUMMYFUNCTION("""COMPUTED_VALUE"""),"BELUM") -> BELUM | AG93: =IFERROR(__xludf.DUMMYFUNCTION("""COMPUTED_VALUE"""),46034.0) -> 46034
A94: =IFERROR(__xludf.DUMMYFUNCTION("""COMPUTED_VALUE"""),"418015cf") -> 418015cf | B94: =IFERROR(__xludf.DUMMYFUNCTION("""COMPUTED_VALUE"""),46034.97325231481) -> 46034.973 | C94: =IFERROR(__xludf.DUMMYFUNCTION("""COMPUTED_VALUE"""),"-6.949056, 107.611929") -> -6.949056, 107.611929 | D94: =IFERROR(__xludf.DUMMYFUNCTION("""COMPUTED_VALUE"""),"Nugi fuad") -> Nugi fuad | E94: =IFERROR(__xludf.DUMMYFUNCTION("""COMPUTED_VALUE"""),"BANDUNG") -> BANDUNG | F94: =IFERROR(__xludf.DUMMYFUNCTION("""COMPUTED_VALUE"""),"BANDUNG SELATAN") -> BANDUNG SELATAN | G94: =IFERROR(__xludf.DUMMYFUNCTION("""COMPUTED_VALUE"""),"CIGERELENG") -> CIGERELENG | H94: =IFERROR(__xludf.DUMMYFUNCTION("""COMPUTED_VALUE"""),"CMU") -> CMU | I94: =IFERROR(__xludf.DUMMYFUNCTION("""COMPUTED_VALUE"""),"LBS ALM-LBS CKGC") -> LBS ALM-LBS CKGC | J94: =IFERROR(__xludf.DUMMYFUNCTION("""COMPUTED_VALUE"""),"ZONA 2") -> ZONA 2 | K94: =IFERROR(__xludf.DUMMYFUNCTION("""COMPUTED_VALUE"""),"010") -> 010 | L94: =IFERROR(__xludf.DUMMYFUNCTION("""COMPUTED_VALUE"""),"TM - 8B/H (Percabangan)") -> TM - 8B/H (Percabangan) | M94: =IFERROR(__xludf.DUMMYFUNCTION("""COMPUTED_VALUE"""),"Tidak Ada") -> Tidak Ada | O94: =IFERROR(__xludf.DUMMYFUNCTION("""COMPUTED_VALUE"""),"PEMBANDING SEJENIS") -> PEMBANDING SEJENIS | P94: =IFERROR(__xludf.DUMMYFUNCTION("""COMPUTED_VALUE"""),"KONEKTOR/JUMPER") -> KONEKTOR/JUMPER | Q94: =IFERROR(__xludf.DUMMYFUNCTION("""COMPUTED_VALUE"""),22.0) -> 22 | R94: =IFERROR(__xludf.DUMMYFUNCTION("""COMPUTED_VALUE"""),22.0) -> 22 | S94: =IFERROR(__xludf.DUMMYFUNCTION("""COMPUTED_VALUE"""),22.0) -> 22 | U94: =IFERROR(__xludf.DUMMYFUNCTION("""COMPUTED_VALUE"""),"BAIK") -> BAIK | V94: =IFERROR(__xludf.DUMMYFUNCTION("""COMPUTED_VALUE"""),"Tidak Ada") -> Tidak Ada | AC94: =IFERROR(__xludf.DUMMYFUNCTION("""COMPUTED_VALUE"""),"INSPEKSI SUTM - T2_Images/418015cf.FOTO.164215.jpg") -> INSPEKSI SUTM - T2_Images/418015cf.FOTO.164215.jpg | AF94: =IFERROR(__xludf.DUMMYFUNCTION("""COMPUTED_VALUE"""),"BELUM") -> BELUM | AG94: =IFERROR(__xludf.DUMMYFUNCTION("""COMPUTED_VALUE"""),46034.0) -> 46034
A95: =IFERROR(__xludf.DUMMYFUNCTION("""COMPUTED_VALUE"""),"dee2c32e") -> dee2c32e | B95: =IFERROR(__xludf.DUMMYFUNCTION("""COMPUTED_VALUE"""),46034.973761574074) -> 46034.974 | C95: =IFERROR(__xludf.DUMMYFUNCTION("""COMPUTED_VALUE"""),"-6.949056, 107.611929") -> -6.949056, 107.611929 | D95: =IFERROR(__xludf.DUMMYFUNCTION("""COMPUTED_VALUE"""),"Nugi fuad") -> Nugi fuad | E95: =IFERROR(__xludf.DUMMYFUNCTION("""COMPUTED_VALUE"""),"BANDUNG") -> BANDUNG | F95: =IFERROR(__xludf.DUMMYFUNCTION("""COMPUTED_VALUE"""),"BANDUNG SELATAN") -> BANDUNG SELATAN | G95: =IFERROR(__xludf.DUMMYFUNCTION("""COMPUTED_VALUE"""),"CIGERELENG") -> CIGERELENG | H95: =IFERROR(__xludf.DUMMYFUNCTION("""COMPUTED_VALUE"""),"CMU") -> CMU | I95: =IFERROR(__xludf.DUMMYFUNCTION("""COMPUTED_VALUE"""),"LBS ALM-LBS CKGC") -> LBS ALM-LBS CKGC | J95: =IFERROR(__xludf.DUMMYFUNCTION("""COMPUTED_VALUE"""),"ZONA 2") -> ZONA 2 | K95: =IFERROR(__xludf.DUMMYFUNCTION("""COMPUTED_VALUE"""),"012") -> 012 | L95: =IFERROR(__xludf.DUMMYFUNCTION("""COMPUTED_VALUE"""),"TM - 7B/H (Afspan 90 Derajat)") -> TM - 7B/H (Afspan 90 Derajat) | M95: =IFERROR(__xludf.DUMMYFUNCTION("""COMPUTED_VALUE"""),"Tidak Ada") -> Tidak Ada | O95: =IFERROR(__xludf.DUMMYFUNCTION("""COMPUTED_VALUE"""),"PEMBANDING SEJENIS") -> PEMBANDING SEJENIS | P95: =IFERROR(__xludf.DUMMYFUNCTION("""COMPUTED_VALUE"""),"KONEKTOR/JUMPER") -> KONEKTOR/JUMPER | Q95: =IFERROR(__xludf.DUMMYFUNCTION("""COMPUTED_VALUE"""),22.0) -> 22 | R95: =IFERROR(__xludf.DUMMYFUNCTION("""COMPUTED_VALUE"""),22.0) -> 22 | S95: =IFERROR(__xludf.DUMMYFUNCTION("""COMPUTED_VALUE"""),22.0) -> 22 | U95: =IFERROR(__xludf.DUMMYFUNCTION("""COMPUTED_VALUE"""),"BAIK") -> BAIK | V95: =IFERROR(__xludf.DUMMYFUNCTION("""COMPUTED_VALUE"""),"Tidak Ada") -> Tidak Ada | AC95: =IFERROR(__xludf.DUMMYFUNCTION("""COMPUTED_VALUE"""),"INSPEKSI SUTM - T2_Images/dee2c32e.FOTO.164218.jpg") -> INSPEKSI SUTM - T2_Images/dee2c32e.FOTO.164218.jpg | AF95: =IFERROR(__xludf.DUMMYFUNCTION("""COMPUTED_VALUE"""),"BELUM") -> BELUM | AG95: =IFERROR(__xludf.DUMMYFUNCTION("""COMPUTED_VALUE"""),46034.0) -> 46034
A96: =IFERROR(__xludf.DUMMYFUNCTION("""COMPUTED_VALUE"""),"651e113d") -> 651e113d | B96: =IFERROR(__xludf.DUMMYFUNCTION("""COMPUTED_VALUE"""),46034.974270833336) -> 46034.974 | C96: =IFERROR(__xludf.DUMMYFUNCTION("""COMPUTED_VALUE"""),"-6.949056, 107.611929") -> -6.949056, 107.611929 | D96: =IFERROR(__xludf.DUMMYFUNCTION("""COMPUTED_VALUE"""),"Nugi fuad") -> Nugi fuad | E96: =IFERROR(__xludf.DUMMYFUNCTION("""COMPUTED_VALUE"""),"BANDUNG") -> BANDUNG | F96: =IFERROR(__xludf.DUMMYFUNCTION("""COMPUTED_VALUE"""),"BANDUNG SELATAN") -> BANDUNG SELATAN | G96: =IFERROR(__xludf.DUMMYFUNCTION("""COMPUTED_VALUE"""),"CIGERELENG") -> CIGERELENG | H96: =IFERROR(__xludf.DUMMYFUNCTION("""COMPUTED_VALUE"""),"CMU") -> CMU | I96: =IFERROR(__xludf.DUMMYFUNCTION("""COMPUTED_VALUE"""),"LBS ALM-LBS CKGC") -> LBS ALM-LBS CKGC | J96: =IFERROR(__xludf.DUMMYFUNCTION("""COMPUTED_VALUE"""),"ZONA 2") -> ZONA 2 | K96: =IFERROR(__xludf.DUMMYFUNCTION("""COMPUTED_VALUE"""),"015") -> 015 | L96: =IFERROR(__xludf.DUMMYFUNCTION("""COMPUTED_VALUE"""),"TM - 1B/H (Tumpu)") -> TM - 1B/H (Tumpu) | M96: =IFERROR(__xludf.DUMMYFUNCTION("""COMPUTED_VALUE"""),"Tidak Ada") -> Tidak Ada | O96: =IFERROR(__xludf.DUMMYFUNCTION("""COMPUTED_VALUE"""),"PEMBANDING SEJENIS") -> PEMBANDING SEJENIS | P96: =IFERROR(__xludf.DUMMYFUNCTION("""COMPUTED_VALUE"""),"KONEKTOR/JUMPER") -> KONEKTOR/JUMPER | Q96: =IFERROR(__xludf.DUMMYFUNCTION("""COMPUTED_VALUE"""),21.0) -> 21 | R96: =IFERROR(__xludf.DUMMYFUNCTION("""COMPUTED_VALUE"""),21.0) -> 21 | S96: =IFERROR(__xludf.DUMMYFUNCTION("""COMPUTED_VALUE"""),21.0) -> 21 | U96: =IFERROR(__xludf.DUMMYFUNCTION("""COMPUTED_VALUE"""),"BAIK") -> BAIK | V96: =IFERROR(__xludf.DUMMYFUNCTION("""COMPUTED_VALUE"""),"Tidak Ada") -> Tidak Ada | AC96: =IFERROR(__xludf.DUMMYFUNCTION("""COMPUTED_VALUE"""),"INSPEKSI SUTM - T2_Images/651e113d.FOTO.164224.jpg") -> INSPEKSI SUTM - T2_Images/651e113d.FOTO.164224.jpg | AF96: =IFERROR(__xludf.DUMMYFUNCTION("""COMPUTED_VALUE"""),"BELUM") -> BELUM | AG96: =IFERROR(__xludf.DUMMYFUNCTION("""COMPUTED_VALUE"""),46034.0) -> 46034
